,name,tl_x,tl_y,br_x,br_y,step,array,array_group,type,sub_type,center,side,enable,board,mfov,offset_x,offset_y,z,body_condi,lead_condi
0,name,708.0,6.0,713.0,11.0,1,0,1,7,0,0,0,1,0,0,0,0,-1,2047,2047
1,name,680.56,100.43,682.35,114.12,1,0,1,0,0,0,0,1,0,0,0,0,-1,2047,2047
2,name,350.37,430.32,351.43,444.36,1,0,1,0,0,0,0,1,0,0,0,0,-1,2047,2047
3,name,580.25,70.06,586.07,82.45,1,0,1,0,0,0,0,1,0,0,0,0,-1,2047,2047
4,name,530.39,260.46,539.0,267.18,1,0,1,0,0,0,0,1,0,0,0,0,-1,2047,2047
5,name,164.99,181.43,166.04,194.01,1,0,1,0,0,0,0,1,0,0,0,0,-1,2047,2047
6,name,473.86,502.13,475.42,514.0,1,0,1,0,0,0,0,1,0,0,0,0,-1,2047,2047
7,name,660.63,440.26,673.93,441.8,1,0,1,0,0,0,0,1,0,0,0,0,-1,2047,2047
8,name,135.07,470.24,145.72,472.09,1,0,1,0,0,0,0,1,0,0,0,0,-1,2047,2047
9,name,290.27,280.55,298.81,281.7,1,0,1,0,0,0,0,1,0,0,0,0,-1,2047,2047
10,name,570.15,90.81,571.31,105.77,1,0,1,0,0,0,0,1,0,0,0,0,-1,2047,2047
11,name,526.9,95.24,532.69,100.37,1,0,1,0,0,0,0,1,0,0,0,0,-1,2047,2047
12,name,670.18,500.58,677.08,506.32,1,0,1,0,0,0,0,1,0,0,0,0,-1,2047,2047
13,name,200.57,400.74,215.11,414.43,1,0,1,0,0,0,0,1,0,0,0,0,-1,2047,2047
14,name,100.53,15.15,104.51,18.92,1,0,1,0,0,0,0,1,0,0,0,0,-1,2047,2047
15,name,150.79,150.94,156.36,151.98,1,0,1,0,0,0,0,1,0,0,0,0,-1,2047,2047
16,name,380.42,30.07,382.68,43.49,1,0,1,0,0,0,0,1,0,0,0,0,-1,2047,2047
17,name,340.74,50.37,344.27,51.37,1,0,1,0,0,0,0,1,0,0,0,0,-1,2047,2047
18,name,10.4,20.71,24.16,22.05,1,0,1,0,0,0,0,1,0,0,0,0,-1,2047,2047
19,name,480.13,190.2,491.57,191.43,1,0,1,0,0,0,0,1,0,0,0,0,-1,2047,2047
20,name,480.8,310.39,487.56,311.71,1,0,1,0,0,0,0,1,0,0,0,0,-1,2047,2047
21,name,627.22,461.06,628.29,470.95,1,0,1,0,0,0,0,1,0,0,0,0,-1,2047,2047
22,name,380.5,100.44,381.68,109.19,1,0,1,0,0,0,0,1,0,0,0,0,-1,2047,2047
23,name,670.13,400.2,671.72,401.23,1,0,1,0,0,0,0,1,0,0,0,0,-1,2047,2047
24,name,110.61,490.49,111.88,494.64,1,0,1,0,0,0,0,1,0,0,0,0,-1,2047,2047
25,name,620.16,150.08,634.63,151.47,1,0,1,0,0,0,0,1,0,0,0,0,-1,2047,2047
26,name,639.01,475.42,644.93,485.2,1,0,1,0,0,0,0,1,0,0,0,0,-1,2047,2047
27,name,380.42,420.69,386.42,422.41,1,0,1,0,0,0,0,1,0,0,0,0,-1,2047,2047
28,name,540.23,30.79,542.87,40.71,1,0,1,0,0,0,0,1,0,0,0,0,-1,2047,2047
29,name,510.09,210.61,519.11,212.33,1,0,1,0,0,0,0,1,0,0,0,0,-1,2047,2047
30,name,136.07,560.68,142.83,562.7,1,0,1,0,0,0,0,1,0,0,0,0,-1,2047,2047
31,name,168.58,84.92,175.3,93.18,1,0,1,0,0,0,0,1,0,0,0,0,-1,2047,2047
32,name,372.2,552.51,381.42,563.83,1,0,1,0,0,0,0,1,0,0,0,0,-1,2047,2047
33,name,620.9,170.72,631.93,178.13,1,0,1,0,0,0,0,1,0,0,0,0,-1,2047,2047
34,name,530.26,60.05,539.31,62.49,1,0,1,0,0,0,0,1,0,0,0,0,-1,2047,2047
35,name,330.44,110.83,335.68,111.99,1,0,1,0,0,0,0,1,0,0,0,0,-1,2047,2047
36,name,518.57,184.4,520.01,190.59,1,0,1,0,0,0,0,1,0,0,0,0,-1,2047,2047
37,name,330.87,150.33,332.12,151.91,1,0,1,0,0,0,0,1,0,0,0,0,-1,2047,2047
38,name,390.15,520.26,400.47,523.51,1,0,1,0,0,0,0,1,0,0,0,0,-1,2047,2047
39,name,432.24,107.66,434.29,119.31,1,0,1,0,0,0,0,1,0,0,0,0,-1,2047,2047
40,name,490.86,360.07,501.51,361.21,1,0,1,0,0,0,0,1,0,0,0,0,-1,2047,2047
41,name,10.71,40.85,11.82,44.91,1,0,1,0,0,0,0,1,0,0,0,0,-1,2047,2047
42,name,660.13,290.37,672.45,295.97,1,0,1,0,0,0,0,1,0,0,0,0,-1,2047,2047
43,name,410.18,270.05,416.15,276.35,1,0,1,0,0,0,0,1,0,0,0,0,-1,2047,2047
44,name,320.64,490.6,322.33,495.68,1,0,1,0,0,0,0,1,0,0,0,0,-1,2047,2047
45,name,580.4,170.85,593.41,175.84,1,0,1,0,0,0,0,1,0,0,0,0,-1,2047,2047
46,name,125.81,451.99,127.04,461.43,1,0,1,0,0,0,0,1,0,0,0,0,-1,2047,2047
47,name,470.38,110.65,480.23,122.8,1,0,1,0,0,0,0,1,0,0,0,0,-1,2047,2047
48,name,390.79,200.6,405.17,201.6,1,0,1,0,0,0,0,1,0,0,0,0,-1,2047,2047
49,name,230.42,560.68,235.84,566.73,1,0,1,0,0,0,0,1,0,0,0,0,-1,2047,2047
50,name,350.94,410.85,355.14,412.09,1,0,1,0,0,0,0,1,0,0,0,0,-1,2047,2047
51,name,700.48,370.32,708.87,378.91,1,0,1,0,0,0,0,1,0,0,0,0,-1,2047,2047
52,name,107.0,465.85,110.04,466.97,1,0,1,0,0,0,0,1,0,0,0,0,-1,2047,2047
53,name,110.92,530.29,115.78,538.0,1,0,1,0,0,0,0,1,0,0,0,0,-1,2047,2047
54,name,380.99,282.57,391.05,289.63,1,0,1,0,0,0,0,1,0,0,0,0,-1,2047,2047
55,name,213.2,113.52,218.54,117.81,1,0,1,0,0,0,0,1,0,0,0,0,-1,2047,2047
56,name,190.26,350.92,192.33,362.41,1,0,1,0,0,0,0,1,0,0,0,0,-1,2047,2047
57,name,292.96,537.86,302.87,543.01,1,0,1,0,0,0,0,1,0,0,0,0,-1,2047,2047
58,name,400.58,140.09,430.67,171.73,1,0,1,0,0,0,0,1,0,0,0,0,-1,2047,2047
59,name,371.81,535.01,379.57,540.31,1,0,1,0,0,0,0,1,0,0,0,0,-1,2047,2047
60,name,527.18,390.04,528.37,401.96,1,0,1,0,0,0,0,1,0,0,0,0,-1,2047,2047
61,name,280.61,0.87,283.44,1.87,1,0,1,0,0,0,0,1,0,0,0,0,-1,2047,2047
62,name,162.5,134.35,165.56,138.02,1,0,1,0,0,0,0,1,0,0,0,0,-1,2047,2047
63,name,530.81,160.66,534.44,168.47,1,0,1,0,0,0,0,1,0,0,0,0,-1,2047,2047
64,name,350.94,290.26,361.34,295.96,1,0,1,0,0,0,0,1,0,0,0,0,-1,2047,2047
65,name,690.74,80.38,693.8,83.13,1,0,1,0,0,0,0,1,0,0,0,0,-1,2047,2047
66,name,265.77,339.63,276.32,341.98,1,0,1,0,0,0,0,1,0,0,0,0,-1,2047,2047
67,name,16.56,278.76,19.27,292.03,1,0,1,0,0,0,0,1,0,0,0,0,-1,2047,2047
68,name,322.61,19.38,334.61,30.66,1,0,1,0,0,0,0,1,0,0,0,0,-1,2047,2047
69,name,160.11,450.16,165.93,451.21,1,0,1,0,0,0,0,1,0,0,0,0,-1,2047,2047
70,name,184.19,159.18,189.22,166.15,1,0,1,0,0,0,0,1,0,0,0,0,-1,2047,2047
71,name,450.84,180.06,451.94,188.73,1,0,1,0,0,0,0,1,0,0,0,0,-1,2047,2047
72,name,390.75,220.08,393.52,221.63,1,0,1,0,0,0,0,1,0,0,0,0,-1,2047,2047
73,name,470.39,0.69,471.55,1.69,1,0,1,0,0,0,0,1,0,0,0,0,-1,2047,2047
74,name,420.78,440.49,423.11,445.83,1,0,1,0,0,0,0,1,0,0,0,0,-1,2047,2047
75,name,701.26,408.39,704.14,415.29,1,0,1,0,0,0,0,1,0,0,0,0,-1,2047,2047
76,name,240.44,60.7,247.07,62.59,1,0,1,0,0,0,0,1,0,0,0,0,-1,2047,2047
77,name,574.46,3.61,579.12,6.31,1,0,1,0,0,0,0,1,0,0,0,0,-1,2047,2047
78,name,45.69,287.27,51.97,290.41,1,0,1,0,0,0,0,1,0,0,0,0,-1,2047,2047
79,name,150.27,80.7,151.66,82.83,1,0,1,0,0,0,0,1,0,0,0,0,-1,2047,2047
80,name,440.68,380.5,447.75,381.99,1,0,1,0,0,0,0,1,0,0,0,0,-1,2047,2047
81,name,450.65,460.39,464.36,461.4,1,0,1,0,0,0,0,1,0,0,0,0,-1,2047,2047
82,name,91.73,16.09,98.22,26.57,1,0,1,0,0,0,0,1,0,0,0,0,-1,2047,2047
83,name,397.84,557.15,401.65,566.52,1,0,1,0,0,0,0,1,0,0,0,0,-1,2047,2047
84,name,20.52,210.76,25.08,214.13,1,0,1,0,0,0,0,1,0,0,0,0,-1,2047,2047
85,name,150.33,360.14,152.01,361.14,1,0,1,0,0,0,0,1,0,0,0,0,-1,2047,2047
86,name,592.85,135.11,594.34,139.9,1,0,1,0,0,0,0,1,0,0,0,0,-1,2047,2047
87,name,524.94,123.77,525.94,126.55,1,0,1,0,0,0,0,1,0,0,0,0,-1,2047,2047
88,name,240.1,10.4,246.44,12.47,1,0,1,0,0,0,0,1,0,0,0,0,-1,2047,2047
89,name,116.36,483.03,119.41,484.03,1,0,1,0,0,0,0,1,0,0,0,0,-1,2047,2047
90,name,50.9,460.56,61.52,470.12,1,0,1,0,0,0,0,1,0,0,0,0,-1,2047,2047
91,name,280.68,326.57,288.21,330.79,1,0,1,0,0,0,0,1,0,0,0,0,-1,2047,2047
92,name,90.86,0.55,92.3,7.95,1,0,1,0,0,0,0,1,0,0,0,0,-1,2047,2047
93,name,495.4,493.52,498.39,494.53,1,0,1,0,0,0,0,1,0,0,0,0,-1,2047,2047
94,name,193.41,151.64,194.94,160.91,1,0,1,0,0,0,0,1,0,0,0,0,-1,2047,2047
95,name,220.07,460.42,222.2,470.12,1,0,1,0,0,0,0,1,0,0,0,0,-1,2047,2047
96,name,640.14,240.92,654.99,254.78,1,0,1,0,0,0,0,1,0,0,0,0,-1,2047,2047
97,name,470.34,330.12,471.71,331.49,1,0,1,0,0,0,0,1,0,0,0,0,-1,2047,2047
98,name,280.31,60.53,286.32,65.48,1,0,1,0,0,0,0,1,0,0,0,0,-1,2047,2047
99,name,230.3,500.86,242.76,507.78,1,0,1,0,0,0,0,1,0,0,0,0,-1,2047,2047
100,name,700.88,50.68,705.84,61.44,1,0,1,0,0,0,0,1,0,0,0,0,-1,2047,2047
101,name,261.19,313.1,263.02,314.21,1,0,1,0,0,0,0,1,0,0,0,0,-1,2047,2047
102,name,473.52,495.17,476.63,496.47,1,0,1,0,0,0,0,1,0,0,0,0,-1,2047,2047
103,name,700.72,530.6,703.4,533.8,1,0,1,0,0,0,0,1,0,0,0,0,-1,2047,2047
104,name,330.58,460.58,338.63,466.83,1,0,1,0,0,0,0,1,0,0,0,0,-1,2047,2047
105,name,90.6,540.36,134.4,571.65,1,0,1,0,0,0,0,1,0,0,0,0,-1,2047,2047
106,name,196.89,91.38,197.89,92.98,1,0,1,0,0,0,0,1,0,0,0,0,-1,2047,2047
107,name,700.21,170.9,704.21,175.39,1,0,1,0,0,0,0,1,0,0,0,0,-1,2047,2047
108,name,392.21,552.9,394.88,554.85,1,0,1,0,0,0,0,1,0,0,0,0,-1,2047,2047
109,name,210.15,120.82,223.04,124.83,1,0,1,0,0,0,0,1,0,0,0,0,-1,2047,2047
110,name,466.0,490.43,471.76,501.12,1,0,1,0,0,0,0,1,0,0,0,0,-1,2047,2047
111,name,440.69,140.57,450.64,149.82,1,0,1,0,0,0,0,1,0,0,0,0,-1,2047,2047
112,name,460.91,150.44,462.06,158.27,1,0,1,0,0,0,0,1,0,0,0,0,-1,2047,2047
113,name,450.56,540.92,452.89,542.35,1,0,1,0,0,0,0,1,0,0,0,0,-1,2047,2047
114,name,40.46,30.67,43.23,35.45,1,0,1,0,0,0,0,1,0,0,0,0,-1,2047,2047
115,name,710.26,410.79,712.6,412.23,1,0,1,0,0,0,0,1,0,0,0,0,-1,2047,2047
116,name,0.0,252.07,1.61,256.72,1,0,1,0,0,0,0,1,0,0,0,0,-1,2047,2047
117,name,410.33,530.45,421.46,539.71,1,0,1,0,0,0,0,1,0,0,0,0,-1,2047,2047
118,name,431.37,519.09,440.47,527.23,1,0,1,0,0,0,0,1,0,0,0,0,-1,2047,2047
119,name,519.92,208.83,525.67,214.55,1,0,1,0,0,0,0,1,0,0,0,0,-1,2047,2047
120,name,652.62,499.07,655.6,501.89,1,0,1,0,0,0,0,1,0,0,0,0,-1,2047,2047
121,name,550.54,320.19,553.6,326.88,1,0,1,0,0,0,0,1,0,0,0,0,-1,2047,2047
122,name,255.02,126.17,259.55,132.53,1,0,1,0,0,0,0,1,0,0,0,0,-1,2047,2047
123,name,120.06,240.52,128.23,241.59,1,0,1,0,0,0,0,1,0,0,0,0,-1,2047,2047
124,name,374.71,533.77,376.38,534.83,1,0,1,0,0,0,0,1,0,0,0,0,-1,2047,2047
125,name,20.67,370.2,27.77,376.08,1,0,1,0,0,0,0,1,0,0,0,0,-1,2047,2047
126,name,490.72,460.23,493.52,462.13,1,0,1,0,0,0,0,1,0,0,0,0,-1,2047,2047
127,name,530.42,40.71,531.42,42.96,1,0,1,0,0,0,0,1,0,0,0,0,-1,2047,2047
128,name,191.63,128.22,192.72,131.73,1,0,1,0,0,0,0,1,0,0,0,0,-1,2047,2047
129,name,640.83,340.69,655.24,341.79,1,0,1,0,0,0,0,1,0,0,0,0,-1,2047,2047
130,name,290.65,309.28,291.8,320.32,1,0,1,0,0,0,0,1,0,0,0,0,-1,2047,2047
131,name,644.98,473.21,653.04,476.89,1,0,1,0,0,0,0,1,0,0,0,0,-1,2047,2047
132,name,280.64,450.28,284.1,451.39,1,0,1,0,0,0,0,1,0,0,0,0,-1,2047,2047
133,name,130.55,430.16,132.77,443.16,1,0,1,0,0,0,0,1,0,0,0,0,-1,2047,2047
134,name,80.71,270.3,88.16,279.32,1,0,1,0,0,0,0,1,0,0,0,0,-1,2047,2047
135,name,460.92,30.25,465.57,31.67,1,0,1,0,0,0,0,1,0,0,0,0,-1,2047,2047
136,name,30.16,10.61,31.31,24.87,1,0,1,0,0,0,0,1,0,0,0,0,-1,2047,2047
137,name,10.38,540.81,16.43,553.57,1,0,1,0,0,0,0,1,0,0,0,0,-1,2047,2047
138,name,270.3,530.15,276.63,536.87,1,0,1,0,0,0,0,1,0,0,0,0,-1,2047,2047
139,name,180.86,280.1,183.51,282.02,1,0,1,0,0,0,0,1,0,0,0,0,-1,2047,2047
140,name,230.51,520.36,244.46,522.0,1,0,1,0,0,0,0,1,0,0,0,0,-1,2047,2047
141,name,230.44,160.3,237.33,175.12,1,0,1,0,0,0,0,1,0,0,0,0,-1,2047,2047
142,name,193.87,288.78,196.09,295.54,1,0,1,0,0,0,0,1,0,0,0,0,-1,2047,2047
143,name,50.68,480.07,58.86,481.15,1,0,1,0,0,0,0,1,0,0,0,0,-1,2047,2047
144,name,210.24,134.35,220.28,140.73,1,0,1,0,0,0,0,1,0,0,0,0,-1,2047,2047
145,name,528.84,208.29,535.35,210.44,1,0,1,0,0,0,0,1,0,0,0,0,-1,2047,2047
146,name,320.66,370.36,331.69,380.41,1,0,1,0,0,0,0,1,0,0,0,0,-1,2047,2047
147,name,415.84,73.54,424.16,74.6,1,0,1,0,0,0,0,1,0,0,0,0,-1,2047,2047
148,name,335.7,293.88,338.61,294.89,1,0,1,0,0,0,0,1,0,0,0,0,-1,2047,2047
149,name,60.23,120.35,61.95,126.19,1,0,1,0,0,0,0,1,0,0,0,0,-1,2047,2047
150,name,580.12,50.7,581.96,52.45,1,0,1,0,0,0,0,1,0,0,0,0,-1,2047,2047
151,name,530.13,50.45,531.17,52.16,1,0,1,0,0,0,0,1,0,0,0,0,-1,2047,2047
152,name,328.15,314.73,331.35,315.99,1,0,1,0,0,0,0,1,0,0,0,0,-1,2047,2047
153,name,80.8,390.44,90.12,395.54,1,0,1,0,0,0,0,1,0,0,0,0,-1,2047,2047
154,name,490.9,480.25,504.1,490.76,1,0,1,0,0,0,0,1,0,0,0,0,-1,2047,2047
155,name,181.36,560.68,188.05,567.47,1,0,1,0,0,0,0,1,0,0,0,0,-1,2047,2047
156,name,196.17,287.4,204.15,289.45,1,0,1,0,0,0,0,1,0,0,0,0,-1,2047,2047
157,name,710.9,250.31,715.7,263.42,1,0,1,0,0,0,0,1,0,0,0,0,-1,2047,2047
158,name,160.9,70.08,167.26,71.94,1,0,1,0,0,0,0,1,0,0,0,0,-1,2047,2047
159,name,340.21,410.32,344.28,413.17,1,0,1,0,0,0,0,1,0,0,0,0,-1,2047,2047
160,name,4.67,272.65,10.1,284.82,1,0,1,0,0,0,0,1,0,0,0,0,-1,2047,2047
161,name,280.27,560.18,281.31,572.67,1,0,1,0,0,0,0,1,0,0,0,0,-1,2047,2047
162,name,600.37,200.47,602.01,204.33,1,0,1,0,0,0,0,1,0,0,0,0,-1,2047,2047
163,name,19.29,293.5,27.78,297.75,1,0,1,0,0,0,0,1,0,0,0,0,-1,2047,2047
164,name,40.41,490.33,42.91,502.86,1,0,1,0,0,0,0,1,0,0,0,0,-1,2047,2047
165,name,540.6,380.6,541.66,387.83,1,0,1,0,0,0,0,1,0,0,0,0,-1,2047,2047
166,name,461.86,475.23,462.86,484.14,1,0,1,0,0,0,0,1,0,0,0,0,-1,2047,2047
167,name,460.26,260.27,465.71,272.55,1,0,1,0,0,0,0,1,0,0,0,0,-1,2047,2047
168,name,485.26,455.78,490.79,456.8,1,0,1,0,0,0,0,1,0,0,0,0,-1,2047,2047
169,name,400.5,130.2,401.85,131.4,1,0,1,0,0,0,0,1,0,0,0,0,-1,2047,2047
170,name,86.28,311.03,90.91,312.37,1,0,1,0,0,0,0,1,0,0,0,0,-1,2047,2047
171,name,600.87,310.47,601.91,317.66,1,0,1,0,0,0,0,1,0,0,0,0,-1,2047,2047
172,name,98.72,302.32,102.18,310.37,1,0,1,0,0,0,0,1,0,0,0,0,-1,2047,2047
173,name,640.34,190.9,647.95,196.86,1,0,1,0,0,0,0,1,0,0,0,0,-1,2047,2047
174,name,450.28,470.74,453.73,475.15,1,0,1,0,0,0,0,1,0,0,0,0,-1,2047,2047
175,name,550.94,370.93,561.62,379.54,1,0,1,0,0,0,0,1,0,0,0,0,-1,2047,2047
176,name,164.56,296.9,172.18,304.74,1,0,1,0,0,0,0,1,0,0,0,0,-1,2047,2047
177,name,410.22,190.37,419.18,193.51,1,0,1,0,0,0,0,1,0,0,0,0,-1,2047,2047
178,name,197.64,122.26,198.91,136.27,1,0,1,0,0,0,0,1,0,0,0,0,-1,2047,2047
179,name,290.68,250.67,293.59,261.99,1,0,1,0,0,0,0,1,0,0,0,0,-1,2047,2047
180,name,684.97,432.97,688.28,439.78,1,0,1,0,0,0,0,1,0,0,0,0,-1,2047,2047
181,name,1.86,293.45,13.07,298.74,1,0,1,0,0,0,0,1,0,0,0,0,-1,2047,2047
182,name,540.35,400.22,550.6,403.04,1,0,1,0,0,0,0,1,0,0,0,0,-1,2047,2047
183,name,450.66,80.48,451.73,94.47,1,0,1,0,0,0,0,1,0,0,0,0,-1,2047,2047
184,name,280.29,430.59,287.9,431.91,1,0,1,0,0,0,0,1,0,0,0,0,-1,2047,2047
185,name,552.48,111.73,555.22,116.49,1,0,1,0,0,0,0,1,0,0,0,0,-1,2047,2047
186,name,190.8,280.44,192.47,282.31,1,0,1,0,0,0,0,1,0,0,0,0,-1,2047,2047
187,name,540.72,350.68,544.61,351.7,1,0,1,0,0,0,0,1,0,0,0,0,-1,2047,2047
188,name,300.05,230.5,309.73,236.12,1,0,1,0,0,0,0,1,0,0,0,0,-1,2047,2047
189,name,230.81,250.74,239.8,260.37,1,0,1,0,0,0,0,1,0,0,0,0,-1,2047,2047
190,name,370.44,520.8,374.63,530.08,1,0,1,0,0,0,0,1,0,0,0,0,-1,2047,2047
191,name,417.87,544.11,423.53,545.64,1,0,1,0,0,0,0,1,0,0,0,0,-1,2047,2047
192,name,706.0,403.79,713.0,404.8,1,0,1,0,0,0,0,1,0,0,0,0,-1,2047,2047
193,name,237.77,20.34,239.85,21.57,1,0,1,0,0,0,0,1,0,0,0,0,-1,2047,2047
194,name,470.08,550.15,473.66,553.74,1,0,1,0,0,0,0,1,0,0,0,0,-1,2047,2047
195,name,350.48,210.7,360.33,212.69,1,0,1,0,0,0,0,1,0,0,0,0,-1,2047,2047
196,name,220.68,160.57,225.55,172.89,1,0,1,0,0,0,0,1,0,0,0,0,-1,2047,2047
197,name,110.57,460.79,120.51,464.37,1,0,1,0,0,0,0,1,0,0,0,0,-1,2047,2047
198,name,280.6,480.86,284.84,483.0,1,0,1,0,0,0,0,1,0,0,0,0,-1,2047,2047
199,name,321.11,336.63,330.42,340.95,1,0,1,0,0,0,0,1,0,0,0,0,-1,2047,2047
200,name,130.1,130.06,133.42,132.54,1,0,1,0,0,0,0,1,0,0,0,0,-1,2047,2047
201,name,90.69,470.81,92.69,481.73,1,0,1,0,0,0,0,1,0,0,0,0,-1,2047,2047
202,name,415.36,522.73,421.24,525.9,1,0,1,0,0,0,0,1,0,0,0,0,-1,2047,2047
203,name,300.76,60.22,305.83,68.07,1,0,1,0,0,0,0,1,0,0,0,0,-1,2047,2047
204,name,220.65,360.86,225.17,362.54,1,0,1,0,0,0,0,1,0,0,0,0,-1,2047,2047
205,name,240.47,151.48,253.09,158.4,1,0,1,0,0,0,0,1,0,0,0,0,-1,2047,2047
206,name,370.75,303.54,376.65,307.97,1,0,1,0,0,0,0,1,0,0,0,0,-1,2047,2047
207,name,570.84,430.23,584.84,437.28,1,0,1,0,0,0,0,1,0,0,0,0,-1,2047,2047
208,name,270.74,150.16,273.19,152.27,1,0,1,0,0,0,0,1,0,0,0,0,-1,2047,2047
209,name,558.99,0.0,560.02,2.75,1,0,1,0,0,0,0,1,0,0,0,0,-1,2047,2047
210,name,494.23,410.61,495.56,411.89,1,0,1,0,0,0,0,1,0,0,0,0,-1,2047,2047
211,name,510.25,470.45,512.32,485.37,1,0,1,0,0,0,0,1,0,0,0,0,-1,2047,2047
212,name,304.19,318.78,305.65,328.19,1,0,1,0,0,0,0,1,0,0,0,0,-1,2047,2047
213,name,425.92,551.48,431.02,552.48,1,0,1,0,0,0,0,1,0,0,0,0,-1,2047,2047
214,name,620.54,494.58,629.0,507.24,1,0,1,0,0,0,0,1,0,0,0,0,-1,2047,2047
215,name,190.72,340.21,191.73,343.6,1,0,1,0,0,0,0,1,0,0,0,0,-1,2047,2047
216,name,560.77,132.49,563.0,140.57,1,0,1,0,0,0,0,1,0,0,0,0,-1,2047,2047
217,name,542.79,115.5,550.77,117.59,1,0,1,0,0,0,0,1,0,0,0,0,-1,2047,2047
218,name,60.69,20.18,68.47,21.36,1,0,1,0,0,0,0,1,0,0,0,0,-1,2047,2047
219,name,39.9,318.76,41.78,326.07,1,0,1,0,0,0,0,1,0,0,0,0,-1,2047,2047
220,name,429.77,543.19,442.06,547.3,1,0,1,0,0,0,0,1,0,0,0,0,-1,2047,2047
221,name,490.74,130.91,494.38,137.82,1,0,1,0,0,0,0,1,0,0,0,0,-1,2047,2047
222,name,0.64,150.79,6.76,153.62,1,0,1,0,0,0,0,1,0,0,0,0,-1,2047,2047
223,name,510.67,20.33,518.71,28.07,1,0,1,0,0,0,0,1,0,0,0,0,-1,2047,2047
224,name,100.28,220.16,103.4,230.5,1,0,1,0,0,0,0,1,0,0,0,0,-1,2047,2047
225,name,580.74,30.15,584.01,32.6,1,0,1,0,0,0,0,1,0,0,0,0,-1,2047,2047
226,name,330.33,90.56,337.98,99.36,1,0,1,0,0,0,0,1,0,0,0,0,-1,2047,2047
227,name,620.41,240.53,634.33,242.12,1,0,1,0,0,0,0,1,0,0,0,0,-1,2047,2047
228,name,570.34,490.48,571.5,500.1,1,0,1,0,0,0,0,1,0,0,0,0,-1,2047,2047
229,name,190.52,250.18,194.16,255.66,1,0,1,0,0,0,0,1,0,0,0,0,-1,2047,2047
230,name,506.03,121.69,510.36,131.23,1,0,1,0,0,0,0,1,0,0,0,0,-1,2047,2047
231,name,110.09,420.56,115.06,424.27,1,0,1,0,0,0,0,1,0,0,0,0,-1,2047,2047
232,name,129.32,0.0,130.66,1.0,1,0,1,0,0,0,0,1,0,0,0,0,-1,2047,2047
233,name,670.65,310.67,676.32,325.5,1,0,1,0,0,0,0,1,0,0,0,0,-1,2047,2047
234,name,353.48,332.17,364.63,335.34,1,0,1,0,0,0,0,1,0,0,0,0,-1,2047,2047
235,name,180.97,190.06,184.18,203.59,1,0,1,0,0,0,0,1,0,0,0,0,-1,2047,2047
236,name,57.87,0.0,60.45,7.13,1,0,1,0,0,0,0,1,0,0,0,0,-1,2047,2047
237,name,190.72,530.44,195.28,537.88,1,0,1,0,0,0,0,1,0,0,0,0,-1,2047,2047
238,name,146.84,172.52,158.37,176.25,1,0,1,0,0,0,0,1,0,0,0,0,-1,2047,2047
239,name,60.9,350.7,64.06,364.69,1,0,1,0,0,0,0,1,0,0,0,0,-1,2047,2047
240,name,40.49,530.66,48.62,531.94,1,0,1,0,0,0,0,1,0,0,0,0,-1,2047,2047
241,name,517.48,108.58,523.57,117.25,1,0,1,0,0,0,0,1,0,0,0,0,-1,2047,2047
242,name,334.77,62.17,336.45,65.53,1,0,1,0,0,0,0,1,0,0,0,0,-1,2047,2047
243,name,400.92,350.78,402.08,352.17,1,0,1,0,0,0,0,1,0,0,0,0,-1,2047,2047
244,name,400.06,527.32,410.59,528.7,1,0,1,0,0,0,0,1,0,0,0,0,-1,2047,2047
245,name,240.69,380.94,247.73,382.31,1,0,1,0,0,0,0,1,0,0,0,0,-1,2047,2047
246,name,355.65,560.68,364.92,561.84,1,0,1,0,0,0,0,1,0,0,0,0,-1,2047,2047
247,name,70.11,310.56,77.24,316.1,1,0,1,0,0,0,0,1,0,0,0,0,-1,2047,2047
248,name,450.45,510.45,455.11,517.0,1,0,1,0,0,0,0,1,0,0,0,0,-1,2047,2047
249,name,240.11,420.84,254.53,427.66,1,0,1,0,0,0,0,1,0,0,0,0,-1,2047,2047
250,name,120.38,150.58,122.04,160.3,1,0,1,0,0,0,0,1,0,0,0,0,-1,2047,2047
251,name,706.0,419.94,707.03,421.12,1,0,1,0,0,0,0,1,0,0,0,0,-1,2047,2047
252,name,124.67,3.52,128.02,5.13,1,0,1,0,0,0,0,1,0,0,0,0,-1,2047,2047
253,name,330.51,300.37,338.62,305.67,1,0,1,0,0,0,0,1,0,0,0,0,-1,2047,2047
254,name,20.22,270.67,24.37,271.7,1,0,1,0,0,0,0,1,0,0,0,0,-1,2047,2047
255,name,674.76,381.76,678.47,382.93,1,0,1,0,0,0,0,1,0,0,0,0,-1,2047,2047
256,name,460.84,560.37,462.22,562.13,1,0,1,0,0,0,0,1,0,0,0,0,-1,2047,2047
257,name,247.45,311.56,249.16,320.98,1,0,1,0,0,0,0,1,0,0,0,0,-1,2047,2047
258,name,580.47,300.62,588.56,302.86,1,0,1,0,0,0,0,1,0,0,0,0,-1,2047,2047
259,name,380.3,480.7,414.71,500.25,1,0,1,0,0,0,0,1,0,0,0,0,-1,2047,2047
260,name,416.22,560.68,420.43,572.19,1,0,1,0,0,0,0,1,0,0,0,0,-1,2047,2047
261,name,210.33,102.96,211.35,105.03,1,0,1,0,0,0,0,1,0,0,0,0,-1,2047,2047
262,name,528.78,135.25,533.01,138.56,1,0,1,0,0,0,0,1,0,0,0,0,-1,2047,2047
263,name,157.29,560.36,168.09,561.83,1,0,1,0,0,0,0,1,0,0,0,0,-1,2047,2047
264,name,250.85,0.85,253.06,1.93,1,0,1,0,0,0,0,1,0,0,0,0,-1,2047,2047
265,name,434.56,551.79,441.09,557.51,1,0,1,0,0,0,0,1,0,0,0,0,-1,2047,2047
266,name,494.13,465.56,499.67,473.04,1,0,1,0,0,0,0,1,0,0,0,0,-1,2047,2047
267,name,130.37,510.45,133.82,515.77,1,0,1,0,0,0,0,1,0,0,0,0,-1,2047,2047
268,name,600.08,280.46,605.83,283.11,1,0,1,0,0,0,0,1,0,0,0,0,-1,2047,2047
269,name,160.24,490.31,161.98,497.51,1,0,1,0,0,0,0,1,0,0,0,0,-1,2047,2047
270,name,223.65,314.19,228.15,328.99,1,0,1,0,0,0,0,1,0,0,0,0,-1,2047,2047
271,name,660.55,50.08,662.37,51.11,1,0,1,0,0,0,0,1,0,0,0,0,-1,2047,2047
272,name,120.47,90.61,132.62,92.41,1,0,1,0,0,0,0,1,0,0,0,0,-1,2047,2047
273,name,249.3,275.9,258.61,280.65,1,0,1,0,0,0,0,1,0,0,0,0,-1,2047,2047
274,name,260.76,80.37,274.4,88.94,1,0,1,0,0,0,0,1,0,0,0,0,-1,2047,2047
275,name,280.44,492.55,291.07,496.41,1,0,1,0,0,0,0,1,0,0,0,0,-1,2047,2047
276,name,345.54,313.56,357.06,327.57,1,0,1,0,0,0,0,1,0,0,0,0,-1,2047,2047
277,name,520.57,180.43,521.58,187.45,1,0,1,0,0,0,0,1,0,0,0,0,-1,2047,2047
278,name,420.76,380.12,431.09,393.25,1,0,1,0,0,0,0,1,0,0,0,0,-1,2047,2047
279,name,609.24,5.82,612.09,9.27,1,0,1,0,0,0,0,1,0,0,0,0,-1,2047,2047
280,name,445.51,455.58,447.39,459.2,1,0,1,0,0,0,0,1,0,0,0,0,-1,2047,2047
281,name,270.7,40.57,275.09,45.2,1,0,1,0,0,0,0,1,0,0,0,0,-1,2047,2047
282,name,346.59,49.81,351.92,51.36,1,0,1,0,0,0,0,1,0,0,0,0,-1,2047,2047
283,name,30.92,280.59,33.96,294.27,1,0,1,0,0,0,0,1,0,0,0,0,-1,2047,2047
284,name,157.31,234.0,170.57,240.03,1,0,1,0,0,0,0,1,0,0,0,0,-1,2047,2047
285,name,360.2,90.89,363.85,92.86,1,0,1,0,0,0,0,1,0,0,0,0,-1,2047,2047
286,name,100.68,430.71,102.58,443.62,1,0,1,0,0,0,0,1,0,0,0,0,-1,2047,2047
287,name,0.0,307.46,9.49,315.22,1,0,1,0,0,0,0,1,0,0,0,0,-1,2047,2047
288,name,220.25,240.41,221.26,242.44,1,0,1,0,0,0,0,1,0,0,0,0,-1,2047,2047
289,name,350.68,150.28,360.49,154.99,1,0,1,0,0,0,0,1,0,0,0,0,-1,2047,2047
290,name,10.17,160.78,11.18,165.46,1,0,1,0,0,0,0,1,0,0,0,0,-1,2047,2047
291,name,700.31,380.75,705.01,391.42,1,0,1,0,0,0,0,1,0,0,0,0,-1,2047,2047
292,name,193.8,560.68,200.02,566.15,1,0,1,0,0,0,0,1,0,0,0,0,-1,2047,2047
293,name,200.95,320.46,210.66,323.45,1,0,1,0,0,0,0,1,0,0,0,0,-1,2047,2047
294,name,451.71,547.79,454.06,549.29,1,0,1,0,0,0,0,1,0,0,0,0,-1,2047,2047
295,name,670.31,530.52,671.81,541.44,1,0,1,0,0,0,0,1,0,0,0,0,-1,2047,2047
296,name,0.23,300.51,2.11,307.15,1,0,1,0,0,0,0,1,0,0,0,0,-1,2047,2047
297,name,90.38,340.77,92.4,351.02,1,0,1,0,0,0,0,1,0,0,0,0,-1,2047,2047
298,name,640.35,260.41,643.14,261.92,1,0,1,0,0,0,0,1,0,0,0,0,-1,2047,2047
299,name,480.66,400.31,482.36,402.51,1,0,1,0,0,0,0,1,0,0,0,0,-1,2047,2047
300,name,490.15,30.85,498.77,32.22,1,0,1,0,0,0,0,1,0,0,0,0,-1,2047,2047
301,name,270.94,350.21,271.94,351.3,1,0,1,0,0,0,0,1,0,0,0,0,-1,2047,2047
302,name,30.36,440.32,31.56,447.98,1,0,1,0,0,0,0,1,0,0,0,0,-1,2047,2047
303,name,391.13,560.68,392.43,567.26,1,0,1,0,0,0,0,1,0,0,0,0,-1,2047,2047
304,name,700.4,120.14,713.7,124.01,1,0,1,0,0,0,0,1,0,0,0,0,-1,2047,2047
305,name,290.44,350.64,300.48,351.81,1,0,1,0,0,0,0,1,0,0,0,0,-1,2047,2047
306,name,363.39,530.96,370.33,534.76,1,0,1,0,0,0,0,1,0,0,0,0,-1,2047,2047
307,name,415.05,544.64,416.29,557.27,1,0,1,0,0,0,0,1,0,0,0,0,-1,2047,2047
308,name,520.75,370.88,522.15,384.73,1,0,1,0,0,0,0,1,0,0,0,0,-1,2047,2047
309,name,0.49,80.09,4.5,82.99,1,0,1,0,0,0,0,1,0,0,0,0,-1,2047,2047
310,name,530.53,100.46,533.11,113.09,1,0,1,0,0,0,0,1,0,0,0,0,-1,2047,2047
311,name,130.1,230.22,138.24,235.94,1,0,1,0,0,0,0,1,0,0,0,0,-1,2047,2047
312,name,254.78,323.46,256.02,324.48,1,0,1,0,0,0,0,1,0,0,0,0,-1,2047,2047
313,name,30.58,330.84,32.28,334.24,1,0,1,0,0,0,0,1,0,0,0,0,-1,2047,2047
314,name,290.89,190.18,294.44,202.37,1,0,1,0,0,0,0,1,0,0,0,0,-1,2047,2047
315,name,217.95,131.16,227.15,132.4,1,0,1,0,0,0,0,1,0,0,0,0,-1,2047,2047
316,name,530.38,120.65,536.35,123.82,1,0,1,0,0,0,0,1,0,0,0,0,-1,2047,2047
317,name,380.36,140.92,381.37,150.18,1,0,1,0,0,0,0,1,0,0,0,0,-1,2047,2047
318,name,365.67,544.38,378.89,547.46,1,0,1,0,0,0,0,1,0,0,0,0,-1,2047,2047
319,name,530.3,190.68,542.68,199.46,1,0,1,0,0,0,0,1,0,0,0,0,-1,2047,2047
320,name,268.31,305.68,270.62,307.71,1,0,1,0,0,0,0,1,0,0,0,0,-1,2047,2047
321,name,250.19,560.83,251.48,567.66,1,0,1,0,0,0,0,1,0,0,0,0,-1,2047,2047
322,name,410.38,400.25,419.8,401.26,1,0,1,0,0,0,0,1,0,0,0,0,-1,2047,2047
323,name,420.77,310.69,423.62,313.32,1,0,1,0,0,0,0,1,0,0,0,0,-1,2047,2047
324,name,140.12,530.58,142.26,535.46,1,0,1,0,0,0,0,1,0,0,0,0,-1,2047,2047
325,name,10.5,530.23,11.62,531.69,1,0,1,0,0,0,0,1,0,0,0,0,-1,2047,2047
326,name,290.6,500.16,296.26,501.27,1,0,1,0,0,0,0,1,0,0,0,0,-1,2047,2047
327,name,510.55,170.54,512.65,173.08,1,0,1,0,0,0,0,1,0,0,0,0,-1,2047,2047
328,name,330.76,430.16,332.01,431.62,1,0,1,0,0,0,0,1,0,0,0,0,-1,2047,2047
329,name,150.67,546.34,164.05,548.62,1,0,1,0,0,0,0,1,0,0,0,0,-1,2047,2047
330,name,411.61,514.67,417.0,515.7,1,0,1,0,0,0,0,1,0,0,0,0,-1,2047,2047
331,name,570.28,370.11,574.39,375.95,1,0,1,0,0,0,0,1,0,0,0,0,-1,2047,2047
332,name,180.61,270.24,189.28,274.87,1,0,1,0,0,0,0,1,0,0,0,0,-1,2047,2047
333,name,510.66,30.11,511.79,31.97,1,0,1,0,0,0,0,1,0,0,0,0,-1,2047,2047
334,name,390.29,340.22,395.83,343.15,1,0,1,0,0,0,0,1,0,0,0,0,-1,2047,2047
335,name,620.38,10.54,624.1,11.66,1,0,1,0,0,0,0,1,0,0,0,0,-1,2047,2047
336,name,320.49,270.36,326.01,272.33,1,0,1,0,0,0,0,1,0,0,0,0,-1,2047,2047
337,name,370.53,490.21,371.66,500.68,1,0,1,0,0,0,0,1,0,0,0,0,-1,2047,2047
338,name,140.89,320.51,143.97,321.81,1,0,1,0,0,0,0,1,0,0,0,0,-1,2047,2047
339,name,480.62,170.41,484.4,181.21,1,0,1,0,0,0,0,1,0,0,0,0,-1,2047,2047
340,name,186.99,179.8,192.92,183.66,1,0,1,0,0,0,0,1,0,0,0,0,-1,2047,2047
341,name,520.3,430.68,522.49,433.43,1,0,1,0,0,0,0,1,0,0,0,0,-1,2047,2047
342,name,210.76,530.4,212.48,531.49,1,0,1,0,0,0,0,1,0,0,0,0,-1,2047,2047
343,name,500.09,100.34,504.29,102.15,1,0,1,0,0,0,0,1,0,0,0,0,-1,2047,2047
344,name,480.65,90.74,483.71,93.23,1,0,1,0,0,0,0,1,0,0,0,0,-1,2047,2047
345,name,50.4,200.91,51.47,214.9,1,0,1,0,0,0,0,1,0,0,0,0,-1,2047,2047
346,name,278.29,318.04,289.12,321.43,1,0,1,0,0,0,0,1,0,0,0,0,-1,2047,2047
347,name,104.83,440.6,106.82,453.79,1,0,1,0,0,0,0,1,0,0,0,0,-1,2047,2047
348,name,276.44,0.0,277.58,9.34,1,0,1,0,0,0,0,1,0,0,0,0,-1,2047,2047
349,name,685.08,378.01,686.08,383.47,1,0,1,0,0,0,0,1,0,0,0,0,-1,2047,2047
350,name,470.59,10.1,484.55,13.44,1,0,1,0,0,0,0,1,0,0,0,0,-1,2047,2047
351,name,62.95,0.0,71.56,2.74,1,0,1,0,0,0,0,1,0,0,0,0,-1,2047,2047
352,name,470.16,100.94,475.18,106.57,1,0,1,0,0,0,0,1,0,0,0,0,-1,2047,2047
353,name,530.14,380.19,531.15,390.15,1,0,1,0,0,0,0,1,0,0,0,0,-1,2047,2047
354,name,264.21,487.39,272.49,501.31,1,0,1,0,0,0,0,1,0,0,0,0,-1,2047,2047
355,name,294.07,0.0,298.42,5.97,1,0,1,0,0,0,0,1,0,0,0,0,-1,2047,2047
356,name,580.91,180.31,592.87,189.04,1,0,1,0,0,0,0,1,0,0,0,0,-1,2047,2047
357,name,424.68,554.83,425.7,559.88,1,0,1,0,0,0,0,1,0,0,0,0,-1,2047,2047
358,name,80.33,260.73,82.36,263.95,1,0,1,0,0,0,0,1,0,0,0,0,-1,2047,2047
359,name,240.68,180.47,244.12,181.7,1,0,1,0,0,0,0,1,0,0,0,0,-1,2047,2047
360,name,320.57,170.65,328.19,176.07,1,0,1,0,0,0,0,1,0,0,0,0,-1,2047,2047
361,name,505.89,85.01,511.03,96.81,1,0,1,0,0,0,0,1,0,0,0,0,-1,2047,2047
362,name,370.92,190.78,376.05,194.94,1,0,1,0,0,0,0,1,0,0,0,0,-1,2047,2047
363,name,460.63,350.88,464.62,352.23,1,0,1,0,0,0,0,1,0,0,0,0,-1,2047,2047
364,name,420.17,290.21,431.52,293.93,1,0,1,0,0,0,0,1,0,0,0,0,-1,2047,2047
365,name,250.86,470.38,265.25,471.38,1,0,1,0,0,0,0,1,0,0,0,0,-1,2047,2047
366,name,510.73,360.44,520.49,363.15,1,0,1,0,0,0,0,1,0,0,0,0,-1,2047,2047
367,name,486.9,470.7,488.43,475.26,1,0,1,0,0,0,0,1,0,0,0,0,-1,2047,2047
368,name,50.27,550.29,57.65,551.62,1,0,1,0,0,0,0,1,0,0,0,0,-1,2047,2047
369,name,180.5,340.3,181.58,344.88,1,0,1,0,0,0,0,1,0,0,0,0,-1,2047,2047
370,name,350.38,70.05,360.92,79.77,1,0,1,0,0,0,0,1,0,0,0,0,-1,2047,2047
371,name,120.9,290.07,123.59,299.02,1,0,1,0,0,0,0,1,0,0,0,0,-1,2047,2047
372,name,128.06,32.07,132.6,45.84,1,0,1,0,0,0,0,1,0,0,0,0,-1,2047,2047
373,name,230.68,360.65,241.15,366.65,1,0,1,0,0,0,0,1,0,0,0,0,-1,2047,2047
374,name,40.38,80.41,42.16,93.83,1,0,1,0,0,0,0,1,0,0,0,0,-1,2047,2047
375,name,180.84,120.43,183.98,122.15,1,0,1,0,0,0,0,1,0,0,0,0,-1,2047,2047
376,name,480.63,390.63,484.36,394.8,1,0,1,0,0,0,0,1,0,0,0,0,-1,2047,2047
377,name,540.33,60.25,544.24,62.56,1,0,1,0,0,0,0,1,0,0,0,0,-1,2047,2047
378,name,230.57,30.28,232.07,32.86,1,0,1,0,0,0,0,1,0,0,0,0,-1,2047,2047
379,name,403.95,560.68,414.94,561.73,1,0,1,0,0,0,0,1,0,0,0,0,-1,2047,2047
380,name,390.54,260.75,401.53,269.57,1,0,1,0,0,0,0,1,0,0,0,0,-1,2047,2047
381,name,610.38,470.42,619.15,484.55,1,0,1,0,0,0,0,1,0,0,0,0,-1,2047,2047
382,name,146.0,228.23,147.31,229.39,1,0,1,0,0,0,0,1,0,0,0,0,-1,2047,2047
383,name,70.76,510.77,75.63,514.25,1,0,1,0,0,0,0,1,0,0,0,0,-1,2047,2047
384,name,120.79,530.87,122.27,536.45,1,0,1,0,0,0,0,1,0,0,0,0,-1,2047,2047
385,name,120.47,430.18,122.91,431.2,1,0,1,0,0,0,0,1,0,0,0,0,-1,2047,2047
386,name,508.81,522.5,514.41,524.05,1,0,1,0,0,0,0,1,0,0,0,0,-1,2047,2047
387,name,310.31,100.55,320.23,112.35,1,0,1,0,0,0,0,1,0,0,0,0,-1,2047,2047
388,name,45.8,272.92,47.63,286.56,1,0,1,0,0,0,0,1,0,0,0,0,-1,2047,2047
389,name,530.61,140.26,539.48,144.88,1,0,1,0,0,0,0,1,0,0,0,0,-1,2047,2047
390,name,220.08,430.92,223.92,442.49,1,0,1,0,0,0,0,1,0,0,0,0,-1,2047,2047
391,name,706.0,392.23,711.33,398.46,1,0,1,0,0,0,0,1,0,0,0,0,-1,2047,2047
392,name,190.6,390.68,195.29,404.75,1,0,1,0,0,0,0,1,0,0,0,0,-1,2047,2047
393,name,500.74,497.54,502.21,508.13,1,0,1,0,0,0,0,1,0,0,0,0,-1,2047,2047
394,name,640.68,290.65,644.46,299.08,1,0,1,0,0,0,0,1,0,0,0,0,-1,2047,2047
395,name,390.7,180.79,394.92,193.76,1,0,1,0,0,0,0,1,0,0,0,0,-1,2047,2047
396,name,430.79,140.89,439.41,146.11,1,0,1,0,0,0,0,1,0,0,0,0,-1,2047,2047
397,name,610.87,160.33,612.28,169.68,1,0,1,0,0,0,0,1,0,0,0,0,-1,2047,2047
398,name,476.03,443.48,480.98,451.73,1,0,1,0,0,0,0,1,0,0,0,0,-1,2047,2047
399,name,640.73,370.2,642.86,383.09,1,0,1,0,0,0,0,1,0,0,0,0,-1,2047,2047
400,name,525.13,195.63,526.57,199.99,1,0,1,0,0,0,0,1,0,0,0,0,-1,2047,2047
401,name,280.52,240.27,288.83,246.97,1,0,1,0,0,0,0,1,0,0,0,0,-1,2047,2047
402,name,250.66,180.63,259.03,183.6,1,0,1,0,0,0,0,1,0,0,0,0,-1,2047,2047
403,name,430.48,90.08,438.47,101.76,1,0,1,0,0,0,0,1,0,0,0,0,-1,2047,2047
404,name,540.29,100.45,542.88,104.05,1,0,1,0,0,0,0,1,0,0,0,0,-1,2047,2047
405,name,140.76,120.65,141.81,126.7,1,0,1,0,0,0,0,1,0,0,0,0,-1,2047,2047
406,name,610.3,200.79,611.63,201.88,1,0,1,0,0,0,0,1,0,0,0,0,-1,2047,2047
407,name,200.43,430.05,208.27,438.59,1,0,1,0,0,0,0,1,0,0,0,0,-1,2047,2047
408,name,320.33,180.3,331.91,186.18,1,0,1,0,0,0,0,1,0,0,0,0,-1,2047,2047
409,name,650.68,370.93,657.45,372.0,1,0,1,0,0,0,0,1,0,0,0,0,-1,2047,2047
410,name,472.83,411.21,476.12,424.43,1,0,1,0,0,0,0,1,0,0,0,0,-1,2047,2047
411,name,620.48,300.88,621.51,312.42,1,0,1,0,0,0,0,1,0,0,0,0,-1,2047,2047
412,name,530.45,530.47,532.14,534.15,1,0,1,0,0,0,0,1,0,0,0,0,-1,2047,2047
413,name,600.05,40.83,608.43,51.72,1,0,1,0,0,0,0,1,0,0,0,0,-1,2047,2047
414,name,10.73,60.23,15.73,68.66,1,0,1,0,0,0,0,1,0,0,0,0,-1,2047,2047
415,name,390.62,160.6,394.01,163.53,1,0,1,0,0,0,0,1,0,0,0,0,-1,2047,2047
416,name,272.66,305.15,274.32,319.68,1,0,1,0,0,0,0,1,0,0,0,0,-1,2047,2047
417,name,110.85,220.32,120.35,222.33,1,0,1,0,0,0,0,1,0,0,0,0,-1,2047,2047
418,name,259.16,303.22,273.94,304.27,1,0,1,0,0,0,0,1,0,0,0,0,-1,2047,2047
419,name,540.24,450.86,541.51,459.31,1,0,1,0,0,0,0,1,0,0,0,0,-1,2047,2047
420,name,200.46,140.87,206.59,144.9,1,0,1,0,0,0,0,1,0,0,0,0,-1,2047,2047
421,name,670.51,370.66,673.75,382.02,1,0,1,0,0,0,0,1,0,0,0,0,-1,2047,2047
422,name,404.3,553.05,406.11,555.06,1,0,1,0,0,0,0,1,0,0,0,0,-1,2047,2047
423,name,390.07,40.22,391.1,50.08,1,0,1,0,0,0,0,1,0,0,0,0,-1,2047,2047
424,name,540.73,270.71,549.22,280.19,1,0,1,0,0,0,0,1,0,0,0,0,-1,2047,2047
425,name,490.68,90.54,499.17,92.86,1,0,1,0,0,0,0,1,0,0,0,0,-1,2047,2047
426,name,140.86,510.31,142.01,518.31,1,0,1,0,0,0,0,1,0,0,0,0,-1,2047,2047
427,name,373.0,325.7,387.93,326.74,1,0,1,0,0,0,0,1,0,0,0,0,-1,2047,2047
428,name,490.18,180.85,493.23,183.61,1,0,1,0,0,0,0,1,0,0,0,0,-1,2047,2047
429,name,270.52,170.07,274.7,174.44,1,0,1,0,0,0,0,1,0,0,0,0,-1,2047,2047
430,name,70.19,20.92,72.16,22.8,1,0,1,0,0,0,0,1,0,0,0,0,-1,2047,2047
431,name,0.7,480.79,9.1,481.82,1,0,1,0,0,0,0,1,0,0,0,0,-1,2047,2047
432,name,550.93,240.46,559.64,247.11,1,0,1,0,0,0,0,1,0,0,0,0,-1,2047,2047
433,name,499.3,388.4,502.93,398.1,1,0,1,0,0,0,0,1,0,0,0,0,-1,2047,2047
434,name,0.71,490.06,2.08,492.17,1,0,1,0,0,0,0,1,0,0,0,0,-1,2047,2047
435,name,98.41,0.0,102.4,1.02,1,0,1,0,0,0,0,1,0,0,0,0,-1,2047,2047
436,name,527.07,77.08,529.06,78.87,1,0,1,0,0,0,0,1,0,0,0,0,-1,2047,2047
437,name,120.02,471.61,122.82,472.69,1,0,1,0,0,0,0,1,0,0,0,0,-1,2047,2047
438,name,660.13,510.11,673.66,515.55,1,0,1,0,0,0,0,1,0,0,0,0,-1,2047,2047
439,name,60.38,500.81,65.43,504.79,1,0,1,0,0,0,0,1,0,0,0,0,-1,2047,2047
440,name,112.31,0.0,116.94,14.45,1,0,1,0,0,0,0,1,0,0,0,0,-1,2047,2047
441,name,200.06,90.12,210.77,96.17,1,0,1,0,0,0,0,1,0,0,0,0,-1,2047,2047
442,name,130.56,340.52,139.32,352.36,1,0,1,0,0,0,0,1,0,0,0,0,-1,2047,2047
443,name,500.62,220.52,508.86,226.34,1,0,1,0,0,0,0,1,0,0,0,0,-1,2047,2047
444,name,140.4,360.73,143.53,369.86,1,0,1,0,0,0,0,1,0,0,0,0,-1,2047,2047
445,name,360.77,430.53,373.98,440.18,1,0,1,0,0,0,0,1,0,0,0,0,-1,2047,2047
446,name,110.49,320.45,116.9,324.49,1,0,1,0,0,0,0,1,0,0,0,0,-1,2047,2047
447,name,20.4,390.64,22.27,391.68,1,0,1,0,0,0,0,1,0,0,0,0,-1,2047,2047
448,name,340.44,270.88,343.05,281.5,1,0,1,0,0,0,0,1,0,0,0,0,-1,2047,2047
449,name,272.78,324.27,278.23,331.76,1,0,1,0,0,0,0,1,0,0,0,0,-1,2047,2047
450,name,547.57,184.26,550.69,185.86,1,0,1,0,0,0,0,1,0,0,0,0,-1,2047,2047
451,name,320.26,460.14,321.27,462.94,1,0,1,0,0,0,0,1,0,0,0,0,-1,2047,2047
452,name,660.14,200.39,672.82,202.81,1,0,1,0,0,0,0,1,0,0,0,0,-1,2047,2047
453,name,180.32,300.06,184.19,301.06,1,0,1,0,0,0,0,1,0,0,0,0,-1,2047,2047
454,name,177.93,182.67,179.73,193.47,1,0,1,0,0,0,0,1,0,0,0,0,-1,2047,2047
455,name,233.41,82.88,246.85,84.02,1,0,1,0,0,0,0,1,0,0,0,0,-1,2047,2047
456,name,240.39,260.22,242.27,266.27,1,0,1,0,0,0,0,1,0,0,0,0,-1,2047,2047
457,name,309.57,314.02,318.17,318.12,1,0,1,0,0,0,0,1,0,0,0,0,-1,2047,2047
458,name,393.01,300.89,396.47,308.43,1,0,1,0,0,0,0,1,0,0,0,0,-1,2047,2047
459,name,450.3,110.56,455.11,124.08,1,0,1,0,0,0,0,1,0,0,0,0,-1,2047,2047
460,name,217.82,307.8,218.83,309.24,1,0,1,0,0,0,0,1,0,0,0,0,-1,2047,2047
461,name,690.13,40.53,695.56,43.15,1,0,1,0,0,0,0,1,0,0,0,0,-1,2047,2047
462,name,80.86,90.8,82.16,91.82,1,0,1,0,0,0,0,1,0,0,0,0,-1,2047,2047
463,name,290.47,60.87,299.85,62.41,1,0,1,0,0,0,0,1,0,0,0,0,-1,2047,2047
464,name,380.53,540.63,383.81,552.13,1,0,1,0,0,0,0,1,0,0,0,0,-1,2047,2047
465,name,340.93,160.49,351.38,169.51,1,0,1,0,0,0,0,1,0,0,0,0,-1,2047,2047
466,name,700.86,520.5,713.0,524.74,1,0,1,0,0,0,0,1,0,0,0,0,-1,2047,2047
467,name,320.71,280.73,325.76,281.74,1,0,1,0,0,0,0,1,0,0,0,0,-1,2047,2047
468,name,70.87,320.94,75.03,330.4,1,0,1,0,0,0,0,1,0,0,0,0,-1,2047,2047
469,name,597.38,0.0,601.52,1.02,1,0,1,0,0,0,0,1,0,0,0,0,-1,2047,2047
470,name,410.09,30.59,411.88,33.41,1,0,1,0,0,0,0,1,0,0,0,0,-1,2047,2047
471,name,379.73,272.07,381.33,273.4,1,0,1,0,0,0,0,1,0,0,0,0,-1,2047,2047
472,name,30.34,450.75,45.15,459.49,1,0,1,0,0,0,0,1,0,0,0,0,-1,2047,2047
473,name,550.95,500.85,565.12,507.72,1,0,1,0,0,0,0,1,0,0,0,0,-1,2047,2047
474,name,700.48,80.85,713.73,81.99,1,0,1,0,0,0,0,1,0,0,0,0,-1,2047,2047
475,name,350.9,340.88,363.1,345.86,1,0,1,0,0,0,0,1,0,0,0,0,-1,2047,2047
476,name,193.25,112.06,200.25,118.84,1,0,1,0,0,0,0,1,0,0,0,0,-1,2047,2047
477,name,210.51,310.37,211.52,314.25,1,0,1,0,0,0,0,1,0,0,0,0,-1,2047,2047
478,name,320.45,320.21,323.64,321.81,1,0,1,0,0,0,0,1,0,0,0,0,-1,2047,2047
479,name,48.29,272.17,52.22,277.42,1,0,1,0,0,0,0,1,0,0,0,0,-1,2047,2047
480,name,200.52,80.36,202.27,81.45,1,0,1,0,0,0,0,1,0,0,0,0,-1,2047,2047
481,name,258.02,350.0,259.08,364.91,1,0,1,0,0,0,0,1,0,0,0,0,-1,2047,2047
482,name,180.13,310.56,185.69,313.45,1,0,1,0,0,0,0,1,0,0,0,0,-1,2047,2047
483,name,444.33,97.48,448.31,100.02,1,0,1,0,0,0,0,1,0,0,0,0,-1,2047,2047
484,name,130.78,240.64,135.23,242.86,1,0,1,0,0,0,0,1,0,0,0,0,-1,2047,2047
485,name,20.13,480.94,34.38,486.43,1,0,1,0,0,0,0,1,0,0,0,0,-1,2047,2047
486,name,262.04,501.59,263.07,506.06,1,0,1,0,0,0,0,1,0,0,0,0,-1,2047,2047
487,name,220.57,101.86,221.58,113.46,1,0,1,0,0,0,0,1,0,0,0,0,-1,2047,2047
488,name,292.3,20.86,294.3,25.43,1,0,1,0,0,0,0,1,0,0,0,0,-1,2047,2047
489,name,420.17,120.84,423.96,121.92,1,0,1,0,0,0,0,1,0,0,0,0,-1,2047,2047
490,name,700.16,250.91,707.88,252.59,1,0,1,0,0,0,0,1,0,0,0,0,-1,2047,2047
491,name,300.61,430.81,308.28,436.93,1,0,1,0,0,0,0,1,0,0,0,0,-1,2047,2047
492,name,257.88,317.42,262.38,324.08,1,0,1,0,0,0,0,1,0,0,0,0,-1,2047,2047
493,name,239.57,103.14,249.18,112.08,1,0,1,0,0,0,0,1,0,0,0,0,-1,2047,2047
494,name,536.62,134.26,550.28,136.34,1,0,1,0,0,0,0,1,0,0,0,0,-1,2047,2047
495,name,10.33,250.1,22.34,251.78,1,0,1,0,0,0,0,1,0,0,0,0,-1,2047,2047
496,name,206.93,79.81,214.87,81.31,1,0,1,0,0,0,0,1,0,0,0,0,-1,2047,2047
497,name,310.59,430.19,325.53,432.63,1,0,1,0,0,0,0,1,0,0,0,0,-1,2047,2047
498,name,570.15,400.68,581.92,401.94,1,0,1,0,0,0,0,1,0,0,0,0,-1,2047,2047
499,name,660.56,60.07,671.89,61.61,1,0,1,0,0,0,0,1,0,0,0,0,-1,2047,2047
500,name,70.55,40.52,83.36,41.6,1,0,1,0,0,0,0,1,0,0,0,0,-1,2047,2047
501,name,409.66,506.84,422.47,513.46,1,0,1,0,0,0,0,1,0,0,0,0,-1,2047,2047
502,name,500.73,320.95,515.11,324.15,1,0,1,0,0,0,0,1,0,0,0,0,-1,2047,2047
503,name,279.67,311.82,284.68,313.06,1,0,1,0,0,0,0,1,0,0,0,0,-1,2047,2047
504,name,520.14,410.12,529.04,414.52,1,0,1,0,0,0,0,1,0,0,0,0,-1,2047,2047
505,name,547.19,138.44,548.37,146.49,1,0,1,0,0,0,0,1,0,0,0,0,-1,2047,2047
506,name,417.65,44.39,430.75,45.42,1,0,1,0,0,0,0,1,0,0,0,0,-1,2047,2047
507,name,476.85,512.65,478.57,516.11,1,0,1,0,0,0,0,1,0,0,0,0,-1,2047,2047
508,name,360.43,230.53,361.65,238.36,1,0,1,0,0,0,0,1,0,0,0,0,-1,2047,2047
509,name,70.24,279.38,85.02,285.32,1,0,1,0,0,0,0,1,0,0,0,0,-1,2047,2047
510,name,9.04,325.6,14.44,339.77,1,0,1,0,0,0,0,1,0,0,0,0,-1,2047,2047
511,name,510.19,270.51,515.39,272.18,1,0,1,0,0,0,0,1,0,0,0,0,-1,2047,2047
512,name,700.22,360.48,703.24,362.33,1,0,1,0,0,0,0,1,0,0,0,0,-1,2047,2047
513,name,521.93,69.32,525.84,72.84,1,0,1,0,0,0,0,1,0,0,0,0,-1,2047,2047
514,name,117.46,142.2,127.33,143.85,1,0,1,0,0,0,0,1,0,0,0,0,-1,2047,2047
515,name,289.13,19.32,290.13,25.48,1,0,1,0,0,0,0,1,0,0,0,0,-1,2047,2047
516,name,420.59,260.09,424.48,261.09,1,0,1,0,0,0,0,1,0,0,0,0,-1,2047,2047
517,name,630.09,520.58,634.59,529.21,1,0,1,0,0,0,0,1,0,0,0,0,-1,2047,2047
518,name,680.78,150.87,690.75,163.61,1,0,1,0,0,0,0,1,0,0,0,0,-1,2047,2047
519,name,380.07,200.15,384.53,201.55,1,0,1,0,0,0,0,1,0,0,0,0,-1,2047,2047
520,name,435.13,74.6,439.75,76.34,1,0,1,0,0,0,0,1,0,0,0,0,-1,2047,2047
521,name,110.21,330.11,120.09,337.4,1,0,1,0,0,0,0,1,0,0,0,0,-1,2047,2047
522,name,276.15,497.43,279.5,500.14,1,0,1,0,0,0,0,1,0,0,0,0,-1,2047,2047
523,name,534.82,145.49,545.83,159.8,1,0,1,0,0,0,0,1,0,0,0,0,-1,2047,2047
524,name,254.01,522.36,259.52,523.4,1,0,1,0,0,0,0,1,0,0,0,0,-1,2047,2047
525,name,410.95,240.37,411.96,243.28,1,0,1,0,0,0,0,1,0,0,0,0,-1,2047,2047
526,name,456.89,367.48,457.9,372.71,1,0,1,0,0,0,0,1,0,0,0,0,-1,2047,2047
527,name,392.2,540.18,396.14,544.66,1,0,1,0,0,0,0,1,0,0,0,0,-1,2047,2047
528,name,332.08,54.6,333.76,56.52,1,0,1,0,0,0,0,1,0,0,0,0,-1,2047,2047
529,name,90.56,420.37,93.15,434.8,1,0,1,0,0,0,0,1,0,0,0,0,-1,2047,2047
530,name,197.24,275.6,198.26,285.55,1,0,1,0,0,0,0,1,0,0,0,0,-1,2047,2047
531,name,500.69,450.05,515.07,461.9,1,0,1,0,0,0,0,1,0,0,0,0,-1,2047,2047
532,name,280.34,210.67,284.28,211.67,1,0,1,0,0,0,0,1,0,0,0,0,-1,2047,2047
533,name,472.05,560.68,486.8,568.73,1,0,1,0,0,0,0,1,0,0,0,0,-1,2047,2047
534,name,160.49,170.52,162.47,172.96,1,0,1,0,0,0,0,1,0,0,0,0,-1,2047,2047
535,name,190.88,40.17,205.05,45.11,1,0,1,0,0,0,0,1,0,0,0,0,-1,2047,2047
536,name,50.87,130.85,58.11,132.24,1,0,1,0,0,0,0,1,0,0,0,0,-1,2047,2047
537,name,600.94,440.49,615.77,447.24,1,0,1,0,0,0,0,1,0,0,0,0,-1,2047,2047
538,name,150.39,390.5,152.06,398.09,1,0,1,0,0,0,0,1,0,0,0,0,-1,2047,2047
539,name,240.28,540.29,241.47,552.11,1,0,1,0,0,0,0,1,0,0,0,0,-1,2047,2047
540,name,507.71,132.6,516.1,133.79,1,0,1,0,0,0,0,1,0,0,0,0,-1,2047,2047
541,name,470.45,160.4,476.44,171.65,1,0,1,0,0,0,0,1,0,0,0,0,-1,2047,2047
542,name,0.0,277.62,1.1,278.92,1,0,1,0,0,0,0,1,0,0,0,0,-1,2047,2047
543,name,310.67,520.85,312.14,534.41,1,0,1,0,0,0,0,1,0,0,0,0,-1,2047,2047
544,name,404.86,44.41,409.32,45.75,1,0,1,0,0,0,0,1,0,0,0,0,-1,2047,2047
545,name,430.92,30.1,442.03,31.11,1,0,1,0,0,0,0,1,0,0,0,0,-1,2047,2047
546,name,520.72,70.68,521.73,74.9,1,0,1,0,0,0,0,1,0,0,0,0,-1,2047,2047
547,name,100.72,390.12,105.45,398.03,1,0,1,0,0,0,0,1,0,0,0,0,-1,2047,2047
548,name,390.95,230.68,393.34,242.28,1,0,1,0,0,0,0,1,0,0,0,0,-1,2047,2047
549,name,380.58,310.34,385.0,311.81,1,0,1,0,0,0,0,1,0,0,0,0,-1,2047,2047
550,name,210.79,370.63,214.87,381.59,1,0,1,0,0,0,0,1,0,0,0,0,-1,2047,2047
551,name,360.47,460.89,371.24,461.99,1,0,1,0,0,0,0,1,0,0,0,0,-1,2047,2047
552,name,100.48,160.32,101.48,162.19,1,0,1,0,0,0,0,1,0,0,0,0,-1,2047,2047
553,name,130.69,270.65,145.61,285.59,1,0,1,0,0,0,0,1,0,0,0,0,-1,2047,2047
554,name,120.94,300.73,122.64,306.7,1,0,1,0,0,0,0,1,0,0,0,0,-1,2047,2047
555,name,40.44,550.66,41.85,555.98,1,0,1,0,0,0,0,1,0,0,0,0,-1,2047,2047
556,name,150.24,40.92,162.8,42.12,1,0,1,0,0,0,0,1,0,0,0,0,-1,2047,2047
557,name,180.66,490.54,183.35,495.1,1,0,1,0,0,0,0,1,0,0,0,0,-1,2047,2047
558,name,320.91,60.37,325.34,61.49,1,0,1,0,0,0,0,1,0,0,0,0,-1,2047,2047
559,name,68.6,276.9,78.25,277.9,1,0,1,0,0,0,0,1,0,0,0,0,-1,2047,2047
560,name,710.25,560.79,714.59,565.05,1,0,1,0,0,0,0,1,0,0,0,0,-1,2047,2047
561,name,260.73,450.55,261.75,452.62,1,0,1,0,0,0,0,1,0,0,0,0,-1,2047,2047
562,name,330.79,410.25,331.81,411.78,1,0,1,0,0,0,0,1,0,0,0,0,-1,2047,2047
563,name,590.06,520.23,597.43,522.14,1,0,1,0,0,0,0,1,0,0,0,0,-1,2047,2047
564,name,620.4,530.13,626.85,531.26,1,0,1,0,0,0,0,1,0,0,0,0,-1,2047,2047
565,name,440.17,120.64,448.22,122.48,1,0,1,0,0,0,0,1,0,0,0,0,-1,2047,2047
566,name,450.79,420.28,452.04,431.94,1,0,1,0,0,0,0,1,0,0,0,0,-1,2047,2047
567,name,80.27,460.1,84.33,472.82,1,0,1,0,0,0,0,1,0,0,0,0,-1,2047,2047
568,name,480.62,470.25,481.62,476.75,1,0,1,0,0,0,0,1,0,0,0,0,-1,2047,2047
569,name,257.96,487.63,261.2,493.19,1,0,1,0,0,0,0,1,0,0,0,0,-1,2047,2047
570,name,284.62,297.52,292.34,305.46,1,0,1,0,0,0,0,1,0,0,0,0,-1,2047,2047
571,name,430.81,530.71,438.33,535.21,1,0,1,0,0,0,0,1,0,0,0,0,-1,2047,2047
572,name,463.49,62.9,466.59,75.34,1,0,1,0,0,0,0,1,0,0,0,0,-1,2047,2047
573,name,560.92,46.46,562.54,50.89,1,0,1,0,0,0,0,1,0,0,0,0,-1,2047,2047
574,name,310.79,390.57,319.09,401.06,1,0,1,0,0,0,0,1,0,0,0,0,-1,2047,2047
575,name,370.35,70.81,383.63,73.88,1,0,1,0,0,0,0,1,0,0,0,0,-1,2047,2047
576,name,170.11,0.31,171.61,3.61,1,0,1,0,0,0,0,1,0,0,0,0,-1,2047,2047
577,name,460.85,330.82,463.8,334.09,1,0,1,0,0,0,0,1,0,0,0,0,-1,2047,2047
578,name,680.3,430.53,681.47,431.66,1,0,1,0,0,0,0,1,0,0,0,0,-1,2047,2047
579,name,340.63,30.32,349.41,38.09,1,0,1,0,0,0,0,1,0,0,0,0,-1,2047,2047
580,name,247.84,499.12,249.44,505.02,1,0,1,0,0,0,0,1,0,0,0,0,-1,2047,2047
581,name,0.17,100.5,2.8,101.9,1,0,1,0,0,0,0,1,0,0,0,0,-1,2047,2047
582,name,40.43,360.84,41.71,368.99,1,0,1,0,0,0,0,1,0,0,0,0,-1,2047,2047
583,name,710.84,240.5,716.05,242.07,1,0,1,0,0,0,0,1,0,0,0,0,-1,2047,2047
584,name,476.18,436.18,477.24,437.26,1,0,1,0,0,0,0,1,0,0,0,0,-1,2047,2047
585,name,60.83,80.68,62.08,81.85,1,0,1,0,0,0,0,1,0,0,0,0,-1,2047,2047
586,name,230.68,50.61,236.0,52.85,1,0,1,0,0,0,0,1,0,0,0,0,-1,2047,2047
587,name,660.54,550.58,671.48,562.84,1,0,1,0,0,0,0,1,0,0,0,0,-1,2047,2047
588,name,340.39,75.18,342.29,83.69,1,0,1,0,0,0,0,1,0,0,0,0,-1,2047,2047
589,name,580.68,260.61,592.69,270.32,1,0,1,0,0,0,0,1,0,0,0,0,-1,2047,2047
590,name,90.74,200.53,102.9,214.07,1,0,1,0,0,0,0,1,0,0,0,0,-1,2047,2047
591,name,510.6,560.85,513.9,570.95,1,0,1,0,0,0,0,1,0,0,0,0,-1,2047,2047
592,name,450.17,300.77,453.64,309.21,1,0,1,0,0,0,0,1,0,0,0,0,-1,2047,2047
593,name,290.52,400.46,295.93,405.29,1,0,1,0,0,0,0,1,0,0,0,0,-1,2047,2047
594,name,119.68,449.63,122.39,450.86,1,0,1,0,0,0,0,1,0,0,0,0,-1,2047,2047
595,name,143.55,167.26,152.1,172.43,1,0,1,0,0,0,0,1,0,0,0,0,-1,2047,2047
596,name,650.89,280.58,654.89,283.06,1,0,1,0,0,0,0,1,0,0,0,0,-1,2047,2047
597,name,136.22,546.05,143.5,554.52,1,0,1,0,0,0,0,1,0,0,0,0,-1,2047,2047
598,name,610.35,10.89,615.11,13.72,1,0,1,0,0,0,0,1,0,0,0,0,-1,2047,2047
599,name,0.45,230.51,3.59,241.88,1,0,1,0,0,0,0,1,0,0,0,0,-1,2047,2047
600,name,237.61,290.11,238.67,303.71,1,0,1,0,0,0,0,1,0,0,0,0,-1,2047,2047
601,name,240.58,340.74,248.44,343.31,1,0,1,0,0,0,0,1,0,0,0,0,-1,2047,2047
602,name,584.04,8.87,590.63,17.66,1,0,1,0,0,0,0,1,0,0,0,0,-1,2047,2047
603,name,340.07,250.3,345.49,263.16,1,0,1,0,0,0,0,1,0,0,0,0,-1,2047,2047
604,name,350.5,0.18,357.38,1.42,1,0,1,0,0,0,0,1,0,0,0,0,-1,2047,2047
605,name,450.16,260.84,453.25,265.69,1,0,1,0,0,0,0,1,0,0,0,0,-1,2047,2047
606,name,343.38,279.24,347.96,281.75,1,0,1,0,0,0,0,1,0,0,0,0,-1,2047,2047
607,name,290.06,330.87,291.46,331.87,1,0,1,0,0,0,0,1,0,0,0,0,-1,2047,2047
608,name,249.16,162.34,251.62,172.41,1,0,1,0,0,0,0,1,0,0,0,0,-1,2047,2047
609,name,550.46,160.94,551.46,162.23,1,0,1,0,0,0,0,1,0,0,0,0,-1,2047,2047
610,name,180.56,430.17,181.56,435.94,1,0,1,0,0,0,0,1,0,0,0,0,-1,2047,2047
611,name,630.86,200.42,632.13,207.97,1,0,1,0,0,0,0,1,0,0,0,0,-1,2047,2047
612,name,560.93,0.35,562.4,3.64,1,0,1,0,0,0,0,1,0,0,0,0,-1,2047,2047
613,name,240.61,410.2,249.17,411.62,1,0,1,0,0,0,0,1,0,0,0,0,-1,2047,2047
614,name,340.24,490.5,341.36,491.8,1,0,1,0,0,0,0,1,0,0,0,0,-1,2047,2047
615,name,165.1,217.06,170.87,218.67,1,0,1,0,0,0,0,1,0,0,0,0,-1,2047,2047
616,name,90.22,370.9,91.91,379.73,1,0,1,0,0,0,0,1,0,0,0,0,-1,2047,2047
617,name,70.18,290.9,71.18,305.74,1,0,1,0,0,0,0,1,0,0,0,0,-1,2047,2047
618,name,282.25,315.28,287.44,316.69,1,0,1,0,0,0,0,1,0,0,0,0,-1,2047,2047
619,name,490.31,40.71,496.31,45.54,1,0,1,0,0,0,0,1,0,0,0,0,-1,2047,2047
620,name,300.32,150.84,302.64,155.63,1,0,1,0,0,0,0,1,0,0,0,0,-1,2047,2047
621,name,700.22,190.8,710.98,195.77,1,0,1,0,0,0,0,1,0,0,0,0,-1,2047,2047
622,name,230.33,130.83,237.08,132.26,1,0,1,0,0,0,0,1,0,0,0,0,-1,2047,2047
623,name,40.59,470.64,54.58,475.65,1,0,1,0,0,0,0,1,0,0,0,0,-1,2047,2047
624,name,340.86,150.9,342.31,155.72,1,0,1,0,0,0,0,1,0,0,0,0,-1,2047,2047
625,name,620.25,270.58,621.98,272.52,1,0,1,0,0,0,0,1,0,0,0,0,-1,2047,2047
626,name,630.93,50.38,636.19,51.72,1,0,1,0,0,0,0,1,0,0,0,0,-1,2047,2047
627,name,118.03,0.0,119.38,2.36,1,0,1,0,0,0,0,1,0,0,0,0,-1,2047,2047
628,name,460.32,210.09,461.41,213.05,1,0,1,0,0,0,0,1,0,0,0,0,-1,2047,2047
629,name,477.31,100.7,486.47,101.94,1,0,1,0,0,0,0,1,0,0,0,0,-1,2047,2047
630,name,63.38,271.88,64.47,278.46,1,0,1,0,0,0,0,1,0,0,0,0,-1,2047,2047
631,name,124.83,6.24,130.6,11.51,1,0,1,0,0,0,0,1,0,0,0,0,-1,2047,2047
632,name,300.57,80.62,311.29,87.61,1,0,1,0,0,0,0,1,0,0,0,0,-1,2047,2047
633,name,223.89,109.97,225.46,120.92,1,0,1,0,0,0,0,1,0,0,0,0,-1,2047,2047
634,name,380.17,390.31,381.39,398.37,1,0,1,0,0,0,0,1,0,0,0,0,-1,2047,2047
635,name,500.52,340.3,502.93,349.26,1,0,1,0,0,0,0,1,0,0,0,0,-1,2047,2047
636,name,430.74,170.41,443.01,181.56,1,0,1,0,0,0,0,1,0,0,0,0,-1,2047,2047
637,name,600.42,500.91,603.81,501.95,1,0,1,0,0,0,0,1,0,0,0,0,-1,2047,2047
638,name,700.59,270.75,701.75,274.59,1,0,1,0,0,0,0,1,0,0,0,0,-1,2047,2047
639,name,590.69,50.06,594.09,64.09,1,0,1,0,0,0,0,1,0,0,0,0,-1,2047,2047
640,name,590.74,430.5,591.78,431.99,1,0,1,0,0,0,0,1,0,0,0,0,-1,2047,2047
641,name,146.93,216.36,149.76,220.51,1,0,1,0,0,0,0,1,0,0,0,0,-1,2047,2047
642,name,270.75,400.85,272.02,411.17,1,0,1,0,0,0,0,1,0,0,0,0,-1,2047,2047
643,name,200.61,300.87,206.83,304.11,1,0,1,0,0,0,0,1,0,0,0,0,-1,2047,2047
644,name,530.48,20.34,542.32,22.02,1,0,1,0,0,0,0,1,0,0,0,0,-1,2047,2047
645,name,630.63,70.19,637.16,72.32,1,0,1,0,0,0,0,1,0,0,0,0,-1,2047,2047
646,name,350.22,40.31,359.22,42.68,1,0,1,0,0,0,0,1,0,0,0,0,-1,2047,2047
647,name,260.25,480.52,261.91,484.0,1,0,1,0,0,0,0,1,0,0,0,0,-1,2047,2047
648,name,361.18,305.69,362.61,317.97,1,0,1,0,0,0,0,1,0,0,0,0,-1,2047,2047
649,name,660.26,390.89,664.72,395.15,1,0,1,0,0,0,0,1,0,0,0,0,-1,2047,2047
650,name,80.58,130.65,81.82,134.53,1,0,1,0,0,0,0,1,0,0,0,0,-1,2047,2047
651,name,160.53,370.46,162.1,375.72,1,0,1,0,0,0,0,1,0,0,0,0,-1,2047,2047
652,name,30.07,390.25,45.07,432.93,1,0,1,0,0,0,0,1,0,0,0,0,-1,2047,2047
653,name,400.44,310.5,414.7,322.35,1,0,1,0,0,0,0,1,0,0,0,0,-1,2047,2047
654,name,350.51,480.8,351.6,484.45,1,0,1,0,0,0,0,1,0,0,0,0,-1,2047,2047
655,name,407.58,534.75,408.71,536.02,1,0,1,0,0,0,0,1,0,0,0,0,-1,2047,2047
656,name,410.71,200.73,412.88,205.36,1,0,1,0,0,0,0,1,0,0,0,0,-1,2047,2047
657,name,10.64,100.33,11.99,114.42,1,0,1,0,0,0,0,1,0,0,0,0,-1,2047,2047
658,name,560.11,530.28,566.67,531.83,1,0,1,0,0,0,0,1,0,0,0,0,-1,2047,2047
659,name,143.97,246.96,149.74,258.01,1,0,1,0,0,0,0,1,0,0,0,0,-1,2047,2047
660,name,570.85,320.93,573.39,330.66,1,0,1,0,0,0,0,1,0,0,0,0,-1,2047,2047
661,name,369.07,264.96,370.24,276.33,1,0,1,0,0,0,0,1,0,0,0,0,-1,2047,2047
662,name,690.6,30.92,696.61,39.35,1,0,1,0,0,0,0,1,0,0,0,0,-1,2047,2047
663,name,160.87,520.89,171.82,522.61,1,0,1,0,0,0,0,1,0,0,0,0,-1,2047,2047
664,name,90.75,270.07,96.82,271.6,1,0,1,0,0,0,0,1,0,0,0,0,-1,2047,2047
665,name,510.09,150.93,513.39,157.86,1,0,1,0,0,0,0,1,0,0,0,0,-1,2047,2047
666,name,469.81,451.92,472.34,454.36,1,0,1,0,0,0,0,1,0,0,0,0,-1,2047,2047
667,name,590.48,460.6,593.03,468.81,1,0,1,0,0,0,0,1,0,0,0,0,-1,2047,2047
668,name,540.97,201.33,549.6,205.11,1,0,1,0,0,0,0,1,0,0,0,0,-1,2047,2047
669,name,480.18,60.26,481.43,62.09,1,0,1,0,0,0,0,1,0,0,0,0,-1,2047,2047
670,name,558.84,100.76,560.14,104.17,1,0,1,0,0,0,0,1,0,0,0,0,-1,2047,2047
671,name,710.55,140.66,715.56,142.09,1,0,1,0,0,0,0,1,0,0,0,0,-1,2047,2047
672,name,60.16,70.44,62.51,71.54,1,0,1,0,0,0,0,1,0,0,0,0,-1,2047,2047
673,name,505.9,405.92,518.89,416.37,1,0,1,0,0,0,0,1,0,0,0,0,-1,2047,2047
674,name,690.81,10.2,692.01,18.25,1,0,1,0,0,0,0,1,0,0,0,0,-1,2047,2047
675,name,410.65,180.5,420.28,187.68,1,0,1,0,0,0,0,1,0,0,0,0,-1,2047,2047
676,name,150.49,60.69,153.48,61.69,1,0,1,0,0,0,0,1,0,0,0,0,-1,2047,2047
677,name,250.29,460.77,263.34,462.69,1,0,1,0,0,0,0,1,0,0,0,0,-1,2047,2047
678,name,270.18,240.94,276.39,254.58,1,0,1,0,0,0,0,1,0,0,0,0,-1,2047,2047
679,name,670.8,520.57,677.58,526.61,1,0,1,0,0,0,0,1,0,0,0,0,-1,2047,2047
680,name,580.66,320.9,588.63,322.77,1,0,1,0,0,0,0,1,0,0,0,0,-1,2047,2047
681,name,553.61,120.01,556.24,125.31,1,0,1,0,0,0,0,1,0,0,0,0,-1,2047,2047
682,name,330.1,350.41,335.87,363.93,1,0,1,0,0,0,0,1,0,0,0,0,-1,2047,2047
683,name,360.37,450.7,373.71,453.79,1,0,1,0,0,0,0,1,0,0,0,0,-1,2047,2047
684,name,300.4,490.91,303.19,494.63,1,0,1,0,0,0,0,1,0,0,0,0,-1,2047,2047
685,name,350.83,490.13,354.75,501.49,1,0,1,0,0,0,0,1,0,0,0,0,-1,2047,2047
686,name,638.85,510.45,640.71,517.34,1,0,1,0,0,0,0,1,0,0,0,0,-1,2047,2047
687,name,410.92,290.39,411.99,293.87,1,0,1,0,0,0,0,1,0,0,0,0,-1,2047,2047
688,name,235.32,267.91,240.06,273.43,1,0,1,0,0,0,0,1,0,0,0,0,-1,2047,2047
689,name,10.09,520.54,14.8,528.72,1,0,1,0,0,0,0,1,0,0,0,0,-1,2047,2047
690,name,550.94,560.28,552.2,561.84,1,0,1,0,0,0,0,1,0,0,0,0,-1,2047,2047
691,name,640.13,400.35,653.27,404.65,1,0,1,0,0,0,0,1,0,0,0,0,-1,2047,2047
692,name,480.46,120.17,484.66,133.88,1,0,1,0,0,0,0,1,0,0,0,0,-1,2047,2047
693,name,420.74,60.41,421.75,63.0,1,0,1,0,0,0,0,1,0,0,0,0,-1,2047,2047
694,name,130.81,220.9,131.83,228.73,1,0,1,0,0,0,0,1,0,0,0,0,-1,2047,2047
695,name,150.95,280.67,165.77,291.99,1,0,1,0,0,0,0,1,0,0,0,0,-1,2047,2047
696,name,510.76,0.79,512.39,2.97,1,0,1,0,0,0,0,1,0,0,0,0,-1,2047,2047
697,name,190.3,260.42,197.25,267.14,1,0,1,0,0,0,0,1,0,0,0,0,-1,2047,2047
698,name,160.36,120.69,169.82,125.71,1,0,1,0,0,0,0,1,0,0,0,0,-1,2047,2047
699,name,207.73,111.62,213.21,112.9,1,0,1,0,0,0,0,1,0,0,0,0,-1,2047,2047
700,name,620.83,360.31,623.06,368.58,1,0,1,0,0,0,0,1,0,0,0,0,-1,2047,2047
701,name,706.0,418.11,720.3,419.14,1,0,1,0,0,0,0,1,0,0,0,0,-1,2047,2047
702,name,520.88,390.77,523.36,397.81,1,0,1,0,0,0,0,1,0,0,0,0,-1,2047,2047
703,name,550.49,150.85,557.56,151.85,1,0,1,0,0,0,0,1,0,0,0,0,-1,2047,2047
704,name,360.07,360.94,368.53,362.44,1,0,1,0,0,0,0,1,0,0,0,0,-1,2047,2047
705,name,405.96,551.55,407.11,552.72,1,0,1,0,0,0,0,1,0,0,0,0,-1,2047,2047
706,name,231.07,545.43,232.38,554.9,1,0,1,0,0,0,0,1,0,0,0,0,-1,2047,2047
707,name,600.53,130.23,604.27,132.17,1,0,1,0,0,0,0,1,0,0,0,0,-1,2047,2047
708,name,490.86,350.06,496.96,352.94,1,0,1,0,0,0,0,1,0,0,0,0,-1,2047,2047
709,name,150.41,490.35,151.54,491.95,1,0,1,0,0,0,0,1,0,0,0,0,-1,2047,2047
710,name,80.66,110.83,82.14,112.2,1,0,1,0,0,0,0,1,0,0,0,0,-1,2047,2047
711,name,466.93,460.15,479.14,469.53,1,0,1,0,0,0,0,1,0,0,0,0,-1,2047,2047
712,name,167.79,189.3,176.63,199.62,1,0,1,0,0,0,0,1,0,0,0,0,-1,2047,2047
713,name,78.49,297.08,80.1,300.98,1,0,1,0,0,0,0,1,0,0,0,0,-1,2047,2047
714,name,100.22,520.36,113.15,523.09,1,0,1,0,0,0,0,1,0,0,0,0,-1,2047,2047
715,name,590.83,500.25,591.86,502.07,1,0,1,0,0,0,0,1,0,0,0,0,-1,2047,2047
716,name,200.81,200.33,208.46,203.07,1,0,1,0,0,0,0,1,0,0,0,0,-1,2047,2047
717,name,271.95,288.26,281.56,302.45,1,0,1,0,0,0,0,1,0,0,0,0,-1,2047,2047
718,name,64.42,280.68,65.48,282.82,1,0,1,0,0,0,0,1,0,0,0,0,-1,2047,2047
719,name,170.37,60.18,175.7,68.79,1,0,1,0,0,0,0,1,0,0,0,0,-1,2047,2047
720,name,660.32,480.22,665.88,481.23,1,0,1,0,0,0,0,1,0,0,0,0,-1,2047,2047
721,name,467.17,483.01,468.17,486.89,1,0,1,0,0,0,0,1,0,0,0,0,-1,2047,2047
722,name,350.58,10.85,356.1,12.71,1,0,1,0,0,0,0,1,0,0,0,0,-1,2047,2047
723,name,10.92,290.79,13.39,291.91,1,0,1,0,0,0,0,1,0,0,0,0,-1,2047,2047
724,name,390.73,50.18,393.7,62.69,1,0,1,0,0,0,0,1,0,0,0,0,-1,2047,2047
725,name,703.17,445.78,715.76,448.66,1,0,1,0,0,0,0,1,0,0,0,0,-1,2047,2047
726,name,251.34,303.88,255.14,312.92,1,0,1,0,0,0,0,1,0,0,0,0,-1,2047,2047
727,name,323.71,65.31,325.03,76.93,1,0,1,0,0,0,0,1,0,0,0,0,-1,2047,2047
728,name,660.12,470.27,664.4,472.07,1,0,1,0,0,0,0,1,0,0,0,0,-1,2047,2047
729,name,30.48,340.92,38.59,353.31,1,0,1,0,0,0,0,1,0,0,0,0,-1,2047,2047
730,name,240.9,304.68,243.98,305.7,1,0,1,0,0,0,0,1,0,0,0,0,-1,2047,2047
731,name,650.45,560.44,659.6,569.72,1,0,1,0,0,0,0,1,0,0,0,0,-1,2047,2047
732,name,710.51,170.57,719.88,180.75,1,0,1,0,0,0,0,1,0,0,0,0,-1,2047,2047
733,name,383.77,529.07,387.95,531.9,1,0,1,0,0,0,0,1,0,0,0,0,-1,2047,2047
734,name,250.29,110.42,257.94,112.16,1,0,1,0,0,0,0,1,0,0,0,0,-1,2047,2047
735,name,45.52,302.3,48.91,303.42,1,0,1,0,0,0,0,1,0,0,0,0,-1,2047,2047
736,name,380.81,530.37,382.45,532.03,1,0,1,0,0,0,0,1,0,0,0,0,-1,2047,2047
737,name,710.88,460.28,713.32,461.38,1,0,1,0,0,0,0,1,0,0,0,0,-1,2047,2047
738,name,400.7,360.66,401.89,363.57,1,0,1,0,0,0,0,1,0,0,0,0,-1,2047,2047
739,name,513.93,104.96,516.19,114.54,1,0,1,0,0,0,0,1,0,0,0,0,-1,2047,2047
740,name,260.56,500.39,261.67,501.61,1,0,1,0,0,0,0,1,0,0,0,0,-1,2047,2047
741,name,296.64,73.49,299.01,78.61,1,0,1,0,0,0,0,1,0,0,0,0,-1,2047,2047
742,name,270.76,321.02,271.78,323.99,1,0,1,0,0,0,0,1,0,0,0,0,-1,2047,2047
743,name,266.02,467.52,267.92,469.31,1,0,1,0,0,0,0,1,0,0,0,0,-1,2047,2047
744,name,139.54,28.32,152.43,30.8,1,0,1,0,0,0,0,1,0,0,0,0,-1,2047,2047
745,name,50.9,170.76,105.95,195.16,1,0,1,0,0,0,0,1,0,0,0,0,-1,2047,2047
746,name,440.68,0.61,443.1,5.84,1,0,1,0,0,0,0,1,0,0,0,0,-1,2047,2047
747,name,690.43,430.42,702.33,431.52,1,0,1,0,0,0,0,1,0,0,0,0,-1,2047,2047
748,name,160.22,530.33,161.34,533.25,1,0,1,0,0,0,0,1,0,0,0,0,-1,2047,2047
749,name,700.33,160.33,708.72,166.47,1,0,1,0,0,0,0,1,0,0,0,0,-1,2047,2047
750,name,632.84,454.77,642.08,459.97,1,0,1,0,0,0,0,1,0,0,0,0,-1,2047,2047
751,name,534.75,110.52,544.2,112.92,1,0,1,0,0,0,0,1,0,0,0,0,-1,2047,2047
752,name,191.7,140.75,196.6,142.23,1,0,1,0,0,0,0,1,0,0,0,0,-1,2047,2047
753,name,650.8,130.5,656.64,133.42,1,0,1,0,0,0,0,1,0,0,0,0,-1,2047,2047
754,name,69.02,303.29,70.02,305.11,1,0,1,0,0,0,0,1,0,0,0,0,-1,2047,2047
755,name,130.83,80.33,139.06,84.18,1,0,1,0,0,0,0,1,0,0,0,0,-1,2047,2047
756,name,99.54,490.96,102.26,500.32,1,0,1,0,0,0,0,1,0,0,0,0,-1,2047,2047
757,name,579.87,34.07,582.78,35.14,1,0,1,0,0,0,0,1,0,0,0,0,-1,2047,2047
758,name,350.8,220.66,357.99,222.17,1,0,1,0,0,0,0,1,0,0,0,0,-1,2047,2047
759,name,348.63,60.61,349.84,61.64,1,0,1,0,0,0,0,1,0,0,0,0,-1,2047,2047
760,name,130.39,370.51,137.88,385.44,1,0,1,0,0,0,0,1,0,0,0,0,-1,2047,2047
761,name,690.09,0.7,700.24,5.59,1,0,1,0,0,0,0,1,0,0,0,0,-1,2047,2047
762,name,400.91,240.74,403.34,242.22,1,0,1,0,0,0,0,1,0,0,0,0,-1,2047,2047
763,name,310.82,150.84,319.11,164.96,1,0,1,0,0,0,0,1,0,0,0,0,-1,2047,2047
764,name,0.77,420.47,2.23,421.51,1,0,1,0,0,0,0,1,0,0,0,0,-1,2047,2047
765,name,510.52,200.79,511.64,201.79,1,0,1,0,0,0,0,1,0,0,0,0,-1,2047,2047
766,name,260.94,30.37,263.57,31.49,1,0,1,0,0,0,0,1,0,0,0,0,-1,2047,2047
767,name,158.92,218.07,160.13,233.03,1,0,1,0,0,0,0,1,0,0,0,0,-1,2047,2047
768,name,710.28,310.07,720.77,315.17,1,0,1,0,0,0,0,1,0,0,0,0,-1,2047,2047
769,name,10.13,280.76,11.8,289.7,1,0,1,0,0,0,0,1,0,0,0,0,-1,2047,2047
770,name,610.91,270.49,612.22,271.51,1,0,1,0,0,0,0,1,0,0,0,0,-1,2047,2047
771,name,320.63,420.33,321.99,421.72,1,0,1,0,0,0,0,1,0,0,0,0,-1,2047,2047
772,name,90.29,90.05,103.08,102.58,1,0,1,0,0,0,0,1,0,0,0,0,-1,2047,2047
773,name,396.17,537.43,405.78,543.75,1,0,1,0,0,0,0,1,0,0,0,0,-1,2047,2047
774,name,110.59,380.45,117.52,389.6,1,0,1,0,0,0,0,1,0,0,0,0,-1,2047,2047
775,name,632.6,499.86,636.06,513.99,1,0,1,0,0,0,0,1,0,0,0,0,-1,2047,2047
776,name,540.3,290.81,545.34,292.86,1,0,1,0,0,0,0,1,0,0,0,0,-1,2047,2047
777,name,489.48,490.9,493.61,494.64,1,0,1,0,0,0,0,1,0,0,0,0,-1,2047,2047
778,name,50.68,220.47,53.81,234.16,1,0,1,0,0,0,0,1,0,0,0,0,-1,2047,2047
779,name,432.79,537.06,434.51,538.38,1,0,1,0,0,0,0,1,0,0,0,0,-1,2047,2047
780,name,463.58,551.34,465.36,557.14,1,0,1,0,0,0,0,1,0,0,0,0,-1,2047,2047
781,name,210.86,127.3,214.8,128.61,1,0,1,0,0,0,0,1,0,0,0,0,-1,2047,2047
782,name,70.88,60.13,81.95,66.07,1,0,1,0,0,0,0,1,0,0,0,0,-1,2047,2047
783,name,600.11,490.81,609.08,493.67,1,0,1,0,0,0,0,1,0,0,0,0,-1,2047,2047
784,name,360.78,420.39,361.85,421.87,1,0,1,0,0,0,0,1,0,0,0,0,-1,2047,2047
785,name,141.11,192.47,150.34,196.37,1,0,1,0,0,0,0,1,0,0,0,0,-1,2047,2047
786,name,220.92,400.31,225.1,401.39,1,0,1,0,0,0,0,1,0,0,0,0,-1,2047,2047
787,name,390.45,350.61,392.53,365.18,1,0,1,0,0,0,0,1,0,0,0,0,-1,2047,2047
788,name,590.79,550.6,597.66,554.52,1,0,1,0,0,0,0,1,0,0,0,0,-1,2047,2047
789,name,710.62,340.27,714.35,341.29,1,0,1,0,0,0,0,1,0,0,0,0,-1,2047,2047
790,name,177.59,302.54,182.18,304.16,1,0,1,0,0,0,0,1,0,0,0,0,-1,2047,2047
791,name,536.46,89.43,546.35,91.99,1,0,1,0,0,0,0,1,0,0,0,0,-1,2047,2047
792,name,230.43,450.3,239.07,456.9,1,0,1,0,0,0,0,1,0,0,0,0,-1,2047,2047
793,name,160.5,150.41,175.06,151.55,1,0,1,0,0,0,0,1,0,0,0,0,-1,2047,2047
794,name,220.92,180.21,224.98,182.89,1,0,1,0,0,0,0,1,0,0,0,0,-1,2047,2047
795,name,80.13,440.38,89.25,444.47,1,0,1,0,0,0,0,1,0,0,0,0,-1,2047,2047
796,name,280.43,80.07,285.32,88.27,1,0,1,0,0,0,0,1,0,0,0,0,-1,2047,2047
797,name,138.78,133.5,145.69,134.98,1,0,1,0,0,0,0,1,0,0,0,0,-1,2047,2047
798,name,70.77,90.58,79.51,98.52,1,0,1,0,0,0,0,1,0,0,0,0,-1,2047,2047
799,name,680.44,80.37,682.66,81.68,1,0,1,0,0,0,0,1,0,0,0,0,-1,2047,2047
800,name,251.16,10.67,252.37,19.81,1,0,1,0,0,0,0,1,0,0,0,0,-1,2047,2047
801,name,210.62,180.58,212.83,184.17,1,0,1,0,0,0,0,1,0,0,0,0,-1,2047,2047
802,name,261.09,0.0,265.25,1.87,1,0,1,0,0,0,0,1,0,0,0,0,-1,2047,2047
803,name,440.41,150.44,441.64,152.45,1,0,1,0,0,0,0,1,0,0,0,0,-1,2047,2047
804,name,0.46,380.88,1.48,384.41,1,0,1,0,0,0,0,1,0,0,0,0,-1,2047,2047
805,name,470.21,60.66,471.28,62.97,1,0,1,0,0,0,0,1,0,0,0,0,-1,2047,2047
806,name,576.45,506.83,583.98,510.14,1,0,1,0,0,0,0,1,0,0,0,0,-1,2047,2047
807,name,620.9,60.59,633.49,63.92,1,0,1,0,0,0,0,1,0,0,0,0,-1,2047,2047
808,name,190.21,90.76,192.45,93.15,1,0,1,0,0,0,0,1,0,0,0,0,-1,2047,2047
809,name,680.33,240.92,686.77,245.63,1,0,1,0,0,0,0,1,0,0,0,0,-1,2047,2047
810,name,430.45,130.66,431.98,132.19,1,0,1,0,0,0,0,1,0,0,0,0,-1,2047,2047
811,name,560.81,350.82,573.74,362.96,1,0,1,0,0,0,0,1,0,0,0,0,-1,2047,2047
812,name,11.03,311.67,14.87,321.17,1,0,1,0,0,0,0,1,0,0,0,0,-1,2047,2047
813,name,200.5,310.48,205.37,318.54,1,0,1,0,0,0,0,1,0,0,0,0,-1,2047,2047
814,name,310.44,260.4,314.39,261.43,1,0,1,0,0,0,0,1,0,0,0,0,-1,2047,2047
815,name,200.53,450.72,203.35,452.82,1,0,1,0,0,0,0,1,0,0,0,0,-1,2047,2047
816,name,520.63,330.87,534.95,341.36,1,0,1,0,0,0,0,1,0,0,0,0,-1,2047,2047
817,name,440.37,490.42,447.01,493.01,1,0,1,0,0,0,0,1,0,0,0,0,-1,2047,2047
818,name,258.77,500.61,259.83,506.36,1,0,1,0,0,0,0,1,0,0,0,0,-1,2047,2047
819,name,62.19,290.51,63.2,295.44,1,0,1,0,0,0,0,1,0,0,0,0,-1,2047,2047
820,name,410.17,80.82,411.64,87.11,1,0,1,0,0,0,0,1,0,0,0,0,-1,2047,2047
821,name,481.21,425.34,486.89,431.88,1,0,1,0,0,0,0,1,0,0,0,0,-1,2047,2047
822,name,370.69,110.7,371.7,119.82,1,0,1,0,0,0,0,1,0,0,0,0,-1,2047,2047
823,name,170.87,220.56,171.95,223.32,1,0,1,0,0,0,0,1,0,0,0,0,-1,2047,2047
824,name,680.66,190.1,682.15,191.13,1,0,1,0,0,0,0,1,0,0,0,0,-1,2047,2047
825,name,190.2,120.95,195.87,123.78,1,0,1,0,0,0,0,1,0,0,0,0,-1,2047,2047
826,name,453.68,426.98,461.39,436.81,1,0,1,0,0,0,0,1,0,0,0,0,-1,2047,2047
827,name,599.84,465.58,602.55,474.36,1,0,1,0,0,0,0,1,0,0,0,0,-1,2047,2047
828,name,410.08,500.59,425.05,502.96,1,0,1,0,0,0,0,1,0,0,0,0,-1,2047,2047
829,name,690.49,390.13,693.26,391.54,1,0,1,0,0,0,0,1,0,0,0,0,-1,2047,2047
830,name,208.78,291.17,210.67,294.99,1,0,1,0,0,0,0,1,0,0,0,0,-1,2047,2047
831,name,110.22,120.24,121.65,128.84,1,0,1,0,0,0,0,1,0,0,0,0,-1,2047,2047
832,name,408.75,543.41,414.11,544.43,1,0,1,0,0,0,0,1,0,0,0,0,-1,2047,2047
833,name,90.63,130.57,98.91,131.59,1,0,1,0,0,0,0,1,0,0,0,0,-1,2047,2047
834,name,270.77,10.45,284.43,25.37,1,0,1,0,0,0,0,1,0,0,0,0,-1,2047,2047
835,name,228.82,76.23,230.83,81.16,1,0,1,0,0,0,0,1,0,0,0,0,-1,2047,2047
836,name,10.61,210.44,15.98,214.23,1,0,1,0,0,0,0,1,0,0,0,0,-1,2047,2047
837,name,380.15,536.71,381.41,538.6,1,0,1,0,0,0,0,1,0,0,0,0,-1,2047,2047
838,name,466.79,414.06,467.86,421.78,1,0,1,0,0,0,0,1,0,0,0,0,-1,2047,2047
839,name,420.38,360.46,430.74,368.78,1,0,1,0,0,0,0,1,0,0,0,0,-1,2047,2047
840,name,180.63,130.37,189.13,131.71,1,0,1,0,0,0,0,1,0,0,0,0,-1,2047,2047
841,name,330.45,230.9,345.28,239.89,1,0,1,0,0,0,0,1,0,0,0,0,-1,2047,2047
842,name,111.98,443.77,113.0,448.12,1,0,1,0,0,0,0,1,0,0,0,0,-1,2047,2047
843,name,140.87,0.24,141.87,6.76,1,0,1,0,0,0,0,1,0,0,0,0,-1,2047,2047
844,name,570.14,0.43,572.02,1.44,1,0,1,0,0,0,0,1,0,0,0,0,-1,2047,2047
845,name,115.21,284.72,120.03,289.9,1,0,1,0,0,0,0,1,0,0,0,0,-1,2047,2047
846,name,470.06,270.06,472.58,271.6,1,0,1,0,0,0,0,1,0,0,0,0,-1,2047,2047
847,name,99.33,503.49,100.34,508.96,1,0,1,0,0,0,0,1,0,0,0,0,-1,2047,2047
848,name,220.63,60.33,223.51,61.57,1,0,1,0,0,0,0,1,0,0,0,0,-1,2047,2047
849,name,260.53,170.11,264.57,171.35,1,0,1,0,0,0,0,1,0,0,0,0,-1,2047,2047
850,name,600.42,190.34,605.93,195.25,1,0,1,0,0,0,0,1,0,0,0,0,-1,2047,2047
851,name,530.56,480.53,533.22,491.08,1,0,1,0,0,0,0,1,0,0,0,0,-1,2047,2047
852,name,20.92,160.84,28.94,167.52,1,0,1,0,0,0,0,1,0,0,0,0,-1,2047,2047
853,name,367.41,284.19,377.96,291.63,1,0,1,0,0,0,0,1,0,0,0,0,-1,2047,2047
854,name,160.7,300.31,161.85,314.23,1,0,1,0,0,0,0,1,0,0,0,0,-1,2047,2047
855,name,151.21,560.68,152.72,563.31,1,0,1,0,0,0,0,1,0,0,0,0,-1,2047,2047
856,name,487.68,413.96,489.8,419.44,1,0,1,0,0,0,0,1,0,0,0,0,-1,2047,2047
857,name,50.41,250.19,52.21,251.28,1,0,1,0,0,0,0,1,0,0,0,0,-1,2047,2047
858,name,526.73,200.49,540.55,205.16,1,0,1,0,0,0,0,1,0,0,0,0,-1,2047,2047
859,name,277.66,353.98,278.69,366.52,1,0,1,0,0,0,0,1,0,0,0,0,-1,2047,2047
860,name,552.63,89.65,560.35,94.81,1,0,1,0,0,0,0,1,0,0,0,0,-1,2047,2047
861,name,280.37,350.61,283.29,352.43,1,0,1,0,0,0,0,1,0,0,0,0,-1,2047,2047
862,name,540.83,340.76,549.7,342.28,1,0,1,0,0,0,0,1,0,0,0,0,-1,2047,2047
863,name,212.69,93.03,218.71,95.31,1,0,1,0,0,0,0,1,0,0,0,0,-1,2047,2047
864,name,590.52,360.81,599.31,375.57,1,0,1,0,0,0,0,1,0,0,0,0,-1,2047,2047
865,name,680.53,480.92,685.37,488.39,1,0,1,0,0,0,0,1,0,0,0,0,-1,2047,2047
866,name,470.56,260.83,471.74,268.54,1,0,1,0,0,0,0,1,0,0,0,0,-1,2047,2047
867,name,700.69,220.83,706.95,228.23,1,0,1,0,0,0,0,1,0,0,0,0,-1,2047,2047
868,name,170.18,153.9,171.83,156.63,1,0,1,0,0,0,0,1,0,0,0,0,-1,2047,2047
869,name,650.38,0.31,655.29,6.45,1,0,1,0,0,0,0,1,0,0,0,0,-1,2047,2047
870,name,170.28,380.24,180.06,381.38,1,0,1,0,0,0,0,1,0,0,0,0,-1,2047,2047
871,name,234.24,107.32,238.19,113.87,1,0,1,0,0,0,0,1,0,0,0,0,-1,2047,2047
872,name,290.38,290.67,295.24,291.67,1,0,1,0,0,0,0,1,0,0,0,0,-1,2047,2047
873,name,540.67,50.41,541.72,55.76,1,0,1,0,0,0,0,1,0,0,0,0,-1,2047,2047
874,name,400.94,70.47,402.49,84.43,1,0,1,0,0,0,0,1,0,0,0,0,-1,2047,2047
875,name,440.9,450.92,444.6,452.14,1,0,1,0,0,0,0,1,0,0,0,0,-1,2047,2047
876,name,480.89,150.6,487.21,152.04,1,0,1,0,0,0,0,1,0,0,0,0,-1,2047,2047
877,name,340.92,130.84,347.18,145.25,1,0,1,0,0,0,0,1,0,0,0,0,-1,2047,2047
878,name,250.62,250.47,259.29,254.11,1,0,1,0,0,0,0,1,0,0,0,0,-1,2047,2047
879,name,340.6,560.2,351.09,564.24,1,0,1,0,0,0,0,1,0,0,0,0,-1,2047,2047
880,name,80.19,450.54,90.78,458.63,1,0,1,0,0,0,0,1,0,0,0,0,-1,2047,2047
881,name,600.28,140.77,608.02,141.94,1,0,1,0,0,0,0,1,0,0,0,0,-1,2047,2047
882,name,660.72,530.24,663.81,535.21,1,0,1,0,0,0,0,1,0,0,0,0,-1,2047,2047
883,name,490.08,80.48,494.3,82.63,1,0,1,0,0,0,0,1,0,0,0,0,-1,2047,2047
884,name,640.33,330.29,644.41,333.36,1,0,1,0,0,0,0,1,0,0,0,0,-1,2047,2047
885,name,130.72,480.13,135.12,481.2,1,0,1,0,0,0,0,1,0,0,0,0,-1,2047,2047
886,name,380.64,160.85,390.1,166.29,1,0,1,0,0,0,0,1,0,0,0,0,-1,2047,2047
887,name,320.99,2.16,325.61,4.48,1,0,1,0,0,0,0,1,0,0,0,0,-1,2047,2047
888,name,250.91,530.52,261.65,544.03,1,0,1,0,0,0,0,1,0,0,0,0,-1,2047,2047
889,name,69.46,245.48,75.74,248.41,1,0,1,0,0,0,0,1,0,0,0,0,-1,2047,2047
890,name,160.32,60.51,163.92,66.34,1,0,1,0,0,0,0,1,0,0,0,0,-1,2047,2047
891,name,469.85,473.8,471.92,485.43,1,0,1,0,0,0,0,1,0,0,0,0,-1,2047,2047
892,name,430.56,210.94,441.5,225.29,1,0,1,0,0,0,0,1,0,0,0,0,-1,2047,2047
893,name,580.66,310.12,589.32,311.13,1,0,1,0,0,0,0,1,0,0,0,0,-1,2047,2047
894,name,70.48,70.46,75.53,71.99,1,0,1,0,0,0,0,1,0,0,0,0,-1,2047,2047
895,name,290.94,530.18,294.51,534.67,1,0,1,0,0,0,0,1,0,0,0,0,-1,2047,2047
896,name,380.5,180.76,387.16,191.99,1,0,1,0,0,0,0,1,0,0,0,0,-1,2047,2047
897,name,0.63,60.12,3.75,61.16,1,0,1,0,0,0,0,1,0,0,0,0,-1,2047,2047
898,name,420.39,190.47,421.71,198.52,1,0,1,0,0,0,0,1,0,0,0,0,-1,2047,2047
899,name,31.42,268.99,40.33,270.11,1,0,1,0,0,0,0,1,0,0,0,0,-1,2047,2047
900,name,470.24,280.76,477.55,282.4,1,0,1,0,0,0,0,1,0,0,0,0,-1,2047,2047
901,name,560.4,330.8,575.19,343.18,1,0,1,0,0,0,0,1,0,0,0,0,-1,2047,2047
902,name,690.35,100.07,694.58,111.36,1,0,1,0,0,0,0,1,0,0,0,0,-1,2047,2047
903,name,600.26,370.86,609.14,372.72,1,0,1,0,0,0,0,1,0,0,0,0,-1,2047,2047
904,name,110.33,210.47,124.53,213.97,1,0,1,0,0,0,0,1,0,0,0,0,-1,2047,2047
905,name,600.74,120.84,604.3,124.59,1,0,1,0,0,0,0,1,0,0,0,0,-1,2047,2047
906,name,376.94,57.99,378.38,62.16,1,0,1,0,0,0,0,1,0,0,0,0,-1,2047,2047
907,name,150.6,380.76,156.94,381.92,1,0,1,0,0,0,0,1,0,0,0,0,-1,2047,2047
908,name,60.39,30.79,64.69,32.24,1,0,1,0,0,0,0,1,0,0,0,0,-1,2047,2047
909,name,464.03,473.21,466.8,481.52,1,0,1,0,0,0,0,1,0,0,0,0,-1,2047,2047
910,name,340.33,400.3,349.56,408.46,1,0,1,0,0,0,0,1,0,0,0,0,-1,2047,2047
911,name,40.07,70.35,42.46,77.84,1,0,1,0,0,0,0,1,0,0,0,0,-1,2047,2047
912,name,680.31,60.24,693.04,62.11,1,0,1,0,0,0,0,1,0,0,0,0,-1,2047,2047
913,name,420.09,250.55,421.27,258.46,1,0,1,0,0,0,0,1,0,0,0,0,-1,2047,2047
914,name,589.17,0.0,591.26,2.12,1,0,1,0,0,0,0,1,0,0,0,0,-1,2047,2047
915,name,10.69,300.7,11.69,304.8,1,0,1,0,0,0,0,1,0,0,0,0,-1,2047,2047
916,name,110.74,440.19,112.38,441.38,1,0,1,0,0,0,0,1,0,0,0,0,-1,2047,2047
917,name,410.8,330.25,443.26,360.35,1,0,1,0,0,0,0,1,0,0,0,0,-1,2047,2047
918,name,448.88,89.88,449.98,91.59,1,0,1,0,0,0,0,1,0,0,0,0,-1,2047,2047
919,name,180.92,420.38,181.94,423.4,1,0,1,0,0,0,0,1,0,0,0,0,-1,2047,2047
920,name,50.34,330.21,55.46,331.21,1,0,1,0,0,0,0,1,0,0,0,0,-1,2047,2047
921,name,410.74,380.35,412.02,388.71,1,0,1,0,0,0,0,1,0,0,0,0,-1,2047,2047
922,name,540.36,10.5,551.56,17.74,1,0,1,0,0,0,0,1,0,0,0,0,-1,2047,2047
923,name,650.21,50.19,657.41,51.47,1,0,1,0,0,0,0,1,0,0,0,0,-1,2047,2047
924,name,470.43,70.15,484.79,82.59,1,0,1,0,0,0,0,1,0,0,0,0,-1,2047,2047
925,name,610.82,550.23,612.01,553.09,1,0,1,0,0,0,0,1,0,0,0,0,-1,2047,2047
926,name,710.68,320.28,718.1,321.72,1,0,1,0,0,0,0,1,0,0,0,0,-1,2047,2047
927,name,97.1,272.57,102.02,286.69,1,0,1,0,0,0,0,1,0,0,0,0,-1,2047,2047
928,name,121.91,227.95,123.84,228.95,1,0,1,0,0,0,0,1,0,0,0,0,-1,2047,2047
929,name,40.87,440.47,48.82,446.79,1,0,1,0,0,0,0,1,0,0,0,0,-1,2047,2047
930,name,274.21,506.68,276.78,508.33,1,0,1,0,0,0,0,1,0,0,0,0,-1,2047,2047
931,name,30.92,160.37,45.88,165.22,1,0,1,0,0,0,0,1,0,0,0,0,-1,2047,2047
932,name,500.69,150.26,507.76,155.3,1,0,1,0,0,0,0,1,0,0,0,0,-1,2047,2047
933,name,110.14,160.41,111.93,172.32,1,0,1,0,0,0,0,1,0,0,0,0,-1,2047,2047
934,name,249.72,478.52,250.89,489.98,1,0,1,0,0,0,0,1,0,0,0,0,-1,2047,2047
935,name,60.6,400.86,68.17,404.74,1,0,1,0,0,0,0,1,0,0,0,0,-1,2047,2047
936,name,257.51,114.41,268.0,115.48,1,0,1,0,0,0,0,1,0,0,0,0,-1,2047,2047
937,name,230.77,260.77,233.67,263.74,1,0,1,0,0,0,0,1,0,0,0,0,-1,2047,2047
938,name,470.89,380.11,474.58,383.99,1,0,1,0,0,0,0,1,0,0,0,0,-1,2047,2047
939,name,93.17,471.75,106.94,480.09,1,0,1,0,0,0,0,1,0,0,0,0,-1,2047,2047
940,name,30.78,520.15,31.78,521.41,1,0,1,0,0,0,0,1,0,0,0,0,-1,2047,2047
941,name,706.0,438.96,707.9,440.09,1,0,1,0,0,0,0,1,0,0,0,0,-1,2047,2047
942,name,313.77,329.01,315.31,333.72,1,0,1,0,0,0,0,1,0,0,0,0,-1,2047,2047
943,name,90.42,272.83,92.29,278.43,1,0,1,0,0,0,0,1,0,0,0,0,-1,2047,2047
944,name,540.77,80.89,541.87,83.26,1,0,1,0,0,0,0,1,0,0,0,0,-1,2047,2047
945,name,370.54,300.77,375.14,302.97,1,0,1,0,0,0,0,1,0,0,0,0,-1,2047,2047
946,name,376.28,24.56,379.82,30.62,1,0,1,0,0,0,0,1,0,0,0,0,-1,2047,2047
947,name,390.32,30.41,393.26,39.79,1,0,1,0,0,0,0,1,0,0,0,0,-1,2047,2047
948,name,570.82,40.42,571.82,48.04,1,0,1,0,0,0,0,1,0,0,0,0,-1,2047,2047
949,name,540.11,560.83,541.31,563.3,1,0,1,0,0,0,0,1,0,0,0,0,-1,2047,2047
950,name,440.21,230.92,442.14,236.5,1,0,1,0,0,0,0,1,0,0,0,0,-1,2047,2047
951,name,500.42,210.54,503.28,218.61,1,0,1,0,0,0,0,1,0,0,0,0,-1,2047,2047
952,name,60.29,560.72,67.45,562.07,1,0,1,0,0,0,0,1,0,0,0,0,-1,2047,2047
953,name,560.26,110.64,561.59,122.97,1,0,1,0,0,0,0,1,0,0,0,0,-1,2047,2047
954,name,380.92,250.62,382.15,259.47,1,0,1,0,0,0,0,1,0,0,0,0,-1,2047,2047
955,name,400.61,430.75,401.61,444.51,1,0,1,0,0,0,0,1,0,0,0,0,-1,2047,2047
956,name,540.83,370.4,543.7,372.43,1,0,1,0,0,0,0,1,0,0,0,0,-1,2047,2047
957,name,10.89,470.1,20.12,473.13,1,0,1,0,0,0,0,1,0,0,0,0,-1,2047,2047
958,name,480.32,230.21,481.65,231.61,1,0,1,0,0,0,0,1,0,0,0,0,-1,2047,2047
959,name,486.7,393.01,497.31,395.29,1,0,1,0,0,0,0,1,0,0,0,0,-1,2047,2047
960,name,30.3,360.85,31.63,367.2,1,0,1,0,0,0,0,1,0,0,0,0,-1,2047,2047
961,name,220.34,260.26,229.63,265.77,1,0,1,0,0,0,0,1,0,0,0,0,-1,2047,2047
962,name,90.3,50.35,92.44,52.51,1,0,1,0,0,0,0,1,0,0,0,0,-1,2047,2047
963,name,170.47,430.84,177.06,436.98,1,0,1,0,0,0,0,1,0,0,0,0,-1,2047,2047
964,name,482.85,406.03,483.94,407.8,1,0,1,0,0,0,0,1,0,0,0,0,-1,2047,2047
965,name,590.77,400.39,599.88,413.86,1,0,1,0,0,0,0,1,0,0,0,0,-1,2047,2047
966,name,410.42,430.24,411.62,433.93,1,0,1,0,0,0,0,1,0,0,0,0,-1,2047,2047
967,name,160.5,400.44,161.74,404.16,1,0,1,0,0,0,0,1,0,0,0,0,-1,2047,2047
968,name,410.06,420.31,414.54,422.96,1,0,1,0,0,0,0,1,0,0,0,0,-1,2047,2047
969,name,250.09,210.66,255.45,211.66,1,0,1,0,0,0,0,1,0,0,0,0,-1,2047,2047
970,name,503.78,439.99,504.79,441.16,1,0,1,0,0,0,0,1,0,0,0,0,-1,2047,2047
971,name,400.73,90.5,417.96,129.1,1,0,1,0,0,0,0,1,0,0,0,0,-1,2047,2047
972,name,170.31,274.44,171.31,278.46,1,0,1,0,0,0,0,1,0,0,0,0,-1,2047,2047
973,name,620.44,210.9,621.88,215.03,1,0,1,0,0,0,0,1,0,0,0,0,-1,2047,2047
974,name,420.63,400.52,433.89,401.61,1,0,1,0,0,0,0,1,0,0,0,0,-1,2047,2047
975,name,90.5,140.19,91.65,145.14,1,0,1,0,0,0,0,1,0,0,0,0,-1,2047,2047
976,name,591.5,32.52,592.93,34.69,1,0,1,0,0,0,0,1,0,0,0,0,-1,2047,2047
977,name,524.96,85.58,534.71,86.62,1,0,1,0,0,0,0,1,0,0,0,0,-1,2047,2047
978,name,490.28,250.43,491.74,251.71,1,0,1,0,0,0,0,1,0,0,0,0,-1,2047,2047
979,name,350.57,270.5,362.6,272.03,1,0,1,0,0,0,0,1,0,0,0,0,-1,2047,2047
980,name,580.6,160.8,586.33,161.8,1,0,1,0,0,0,0,1,0,0,0,0,-1,2047,2047
981,name,100.47,350.77,102.87,364.74,1,0,1,0,0,0,0,1,0,0,0,0,-1,2047,2047
982,name,620.18,410.62,621.79,412.23,1,0,1,0,0,0,0,1,0,0,0,0,-1,2047,2047
983,name,190.25,490.21,192.38,493.31,1,0,1,0,0,0,0,1,0,0,0,0,-1,2047,2047
984,name,120.14,270.66,121.19,271.67,1,0,1,0,0,0,0,1,0,0,0,0,-1,2047,2047
985,name,518.98,176.53,520.76,177.54,1,0,1,0,0,0,0,1,0,0,0,0,-1,2047,2047
986,name,340.13,70.48,346.59,71.56,1,0,1,0,0,0,0,1,0,0,0,0,-1,2047,2047
987,name,490.59,120.07,498.04,129.37,1,0,1,0,0,0,0,1,0,0,0,0,-1,2047,2047
988,name,560.4,380.3,564.47,384.55,1,0,1,0,0,0,0,1,0,0,0,0,-1,2047,2047
989,name,554.58,126.53,563.98,129.63,1,0,1,0,0,0,0,1,0,0,0,0,-1,2047,2047
990,name,310.5,540.11,312.05,545.59,1,0,1,0,0,0,0,1,0,0,0,0,-1,2047,2047
991,name,220.88,540.28,222.44,542.11,1,0,1,0,0,0,0,1,0,0,0,0,-1,2047,2047
992,name,700.75,480.63,702.84,485.74,1,0,1,0,0,0,0,1,0,0,0,0,-1,2047,2047
993,name,455.39,92.06,456.51,101.36,1,0,1,0,0,0,0,1,0,0,0,0,-1,2047,2047
994,name,710.7,150.11,716.87,151.23,1,0,1,0,0,0,0,1,0,0,0,0,-1,2047,2047
995,name,573.94,86.67,577.95,101.37,1,0,1,0,0,0,0,1,0,0,0,0,-1,2047,2047
996,name,70.2,260.43,75.42,271.8,1,0,1,0,0,0,0,1,0,0,0,0,-1,2047,2047
997,name,490.4,383.91,494.46,392.6,1,0,1,0,0,0,0,1,0,0,0,0,-1,2047,2047
998,name,360.36,440.48,369.81,446.18,1,0,1,0,0,0,0,1,0,0,0,0,-1,2047,2047
999,name,208.91,144.7,210.24,149.82,1,0,1,0,0,0,0,1,0,0,0,0,-1,2047,2047
1000,name,40.67,230.85,42.28,237.95,1,0,1,0,0,0,0,1,0,0,0,0,-1,2047,2047
1001,name,384.95,542.07,388.97,549.3,1,0,1,0,0,0,0,1,0,0,0,0,-1,2047,2047
1002,name,486.65,496.47,497.19,498.82,1,0,1,0,0,0,0,1,0,0,0,0,-1,2047,2047
1003,name,170.52,390.68,171.79,402.97,1,0,1,0,0,0,0,1,0,0,0,0,-1,2047,2047
1004,name,230.55,400.85,235.97,402.15,1,0,1,0,0,0,0,1,0,0,0,0,-1,2047,2047
1005,name,500.09,240.32,501.28,242.78,1,0,1,0,0,0,0,1,0,0,0,0,-1,2047,2047
1006,name,284.29,502.25,295.34,507.26,1,0,1,0,0,0,0,1,0,0,0,0,-1,2047,2047
1007,name,350.26,420.16,358.68,421.75,1,0,1,0,0,0,0,1,0,0,0,0,-1,2047,2047
1008,name,580.92,220.92,594.55,223.6,1,0,1,0,0,0,0,1,0,0,0,0,-1,2047,2047
1009,name,0.73,200.37,5.62,205.81,1,0,1,0,0,0,0,1,0,0,0,0,-1,2047,2047
1010,name,300.68,10.3,313.43,20.12,1,0,1,0,0,0,0,1,0,0,0,0,-1,2047,2047
1011,name,390.86,370.29,391.96,371.39,1,0,1,0,0,0,0,1,0,0,0,0,-1,2047,2047
1012,name,706.0,421.41,707.0,422.84,1,0,1,0,0,0,0,1,0,0,0,0,-1,2047,2047
1013,name,320.56,510.6,322.05,512.76,1,0,1,0,0,0,0,1,0,0,0,0,-1,2047,2047
1014,name,226.59,118.21,230.45,120.22,1,0,1,0,0,0,0,1,0,0,0,0,-1,2047,2047
1015,name,310.05,360.34,324.88,362.89,1,0,1,0,0,0,0,1,0,0,0,0,-1,2047,2047
1016,name,10.74,190.39,16.63,198.15,1,0,1,0,0,0,0,1,0,0,0,0,-1,2047,2047
1017,name,150.3,70.21,152.24,71.96,1,0,1,0,0,0,0,1,0,0,0,0,-1,2047,2047
1018,name,510.75,530.58,511.77,544.85,1,0,1,0,0,0,0,1,0,0,0,0,-1,2047,2047
1019,name,478.09,474.28,479.23,477.22,1,0,1,0,0,0,0,1,0,0,0,0,-1,2047,2047
1020,name,440.64,550.27,443.67,551.41,1,0,1,0,0,0,0,1,0,0,0,0,-1,2047,2047
1021,name,460.15,230.73,475.14,244.52,1,0,1,0,0,0,0,1,0,0,0,0,-1,2047,2047
1022,name,180.52,500.71,181.96,509.94,1,0,1,0,0,0,0,1,0,0,0,0,-1,2047,2047
1023,name,340.35,334.01,348.82,335.65,1,0,1,0,0,0,0,1,0,0,0,0,-1,2047,2047
1024,name,630.89,320.1,643.69,321.17,1,0,1,0,0,0,0,1,0,0,0,0,-1,2047,2047
1025,name,350.24,250.54,356.9,258.21,1,0,1,0,0,0,0,1,0,0,0,0,-1,2047,2047
1026,name,450.45,230.68,459.24,236.02,1,0,1,0,0,0,0,1,0,0,0,0,-1,2047,2047
1027,name,420.51,550.41,422.33,560.8,1,0,1,0,0,0,0,1,0,0,0,0,-1,2047,2047
1028,name,350.94,550.85,352.29,556.54,1,0,1,0,0,0,0,1,0,0,0,0,-1,2047,2047
1029,name,530.21,310.72,536.42,312.2,1,0,1,0,0,0,0,1,0,0,0,0,-1,2047,2047
1030,name,279.77,525.08,287.58,526.44,1,0,1,0,0,0,0,1,0,0,0,0,-1,2047,2047
1031,name,290.24,70.12,292.67,80.09,1,0,1,0,0,0,0,1,0,0,0,0,-1,2047,2047
1032,name,390.7,380.57,392.76,389.31,1,0,1,0,0,0,0,1,0,0,0,0,-1,2047,2047
1033,name,520.25,90.67,521.31,92.85,1,0,1,0,0,0,0,1,0,0,0,0,-1,2047,2047
1034,name,90.48,260.94,91.98,265.88,1,0,1,0,0,0,0,1,0,0,0,0,-1,2047,2047
1035,name,300.68,310.74,307.77,311.79,1,0,1,0,0,0,0,1,0,0,0,0,-1,2047,2047
1036,name,700.81,550.24,711.07,551.59,1,0,1,0,0,0,0,1,0,0,0,0,-1,2047,2047
1037,name,450.07,50.3,453.69,58.44,1,0,1,0,0,0,0,1,0,0,0,0,-1,2047,2047
1038,name,420.87,50.94,427.23,51.98,1,0,1,0,0,0,0,1,0,0,0,0,-1,2047,2047
1039,name,560.46,170.7,564.13,181.1,1,0,1,0,0,0,0,1,0,0,0,0,-1,2047,2047
1040,name,136.86,16.38,144.64,18.95,1,0,1,0,0,0,0,1,0,0,0,0,-1,2047,2047
1041,name,680.43,350.18,682.66,353.03,1,0,1,0,0,0,0,1,0,0,0,0,-1,2047,2047
1042,name,342.41,45.7,343.52,50.31,1,0,1,0,0,0,0,1,0,0,0,0,-1,2047,2047
1043,name,299.72,332.31,300.72,333.82,1,0,1,0,0,0,0,1,0,0,0,0,-1,2047,2047
1044,name,564.54,149.99,572.79,159.04,1,0,1,0,0,0,0,1,0,0,0,0,-1,2047,2047
1045,name,630.36,190.76,633.53,198.41,1,0,1,0,0,0,0,1,0,0,0,0,-1,2047,2047
1046,name,590.17,380.13,597.71,384.38,1,0,1,0,0,0,0,1,0,0,0,0,-1,2047,2047
1047,name,90.15,220.59,91.42,227.32,1,0,1,0,0,0,0,1,0,0,0,0,-1,2047,2047
1048,name,70.24,160.81,85.02,169.45,1,0,1,0,0,0,0,1,0,0,0,0,-1,2047,2047
1049,name,600.76,360.62,611.69,368.42,1,0,1,0,0,0,0,1,0,0,0,0,-1,2047,2047
1050,name,620.06,220.47,626.17,223.33,1,0,1,0,0,0,0,1,0,0,0,0,-1,2047,2047
1051,name,130.56,20.17,133.83,21.19,1,0,1,0,0,0,0,1,0,0,0,0,-1,2047,2047
1052,name,388.45,534.01,393.68,538.32,1,0,1,0,0,0,0,1,0,0,0,0,-1,2047,2047
1053,name,100.6,60.68,108.48,62.27,1,0,1,0,0,0,0,1,0,0,0,0,-1,2047,2047
1054,name,490.01,448.46,495.57,449.76,1,0,1,0,0,0,0,1,0,0,0,0,-1,2047,2047
1055,name,670.16,420.43,671.6,422.47,1,0,1,0,0,0,0,1,0,0,0,0,-1,2047,2047
1056,name,184.51,289.94,188.09,292.45,1,0,1,0,0,0,0,1,0,0,0,0,-1,2047,2047
1057,name,550.07,540.76,552.15,549.56,1,0,1,0,0,0,0,1,0,0,0,0,-1,2047,2047
1058,name,180.59,540.33,185.61,553.38,1,0,1,0,0,0,0,1,0,0,0,0,-1,2047,2047
1059,name,660.3,160.93,663.31,166.91,1,0,1,0,0,0,0,1,0,0,0,0,-1,2047,2047
1060,name,210.92,540.26,213.03,541.42,1,0,1,0,0,0,0,1,0,0,0,0,-1,2047,2047
1061,name,210.67,20.77,215.14,24.18,1,0,1,0,0,0,0,1,0,0,0,0,-1,2047,2047
1062,name,120.58,340.42,121.71,342.51,1,0,1,0,0,0,0,1,0,0,0,0,-1,2047,2047
1063,name,270.24,180.31,273.82,193.61,1,0,1,0,0,0,0,1,0,0,0,0,-1,2047,2047
1064,name,240.28,450.23,247.99,452.51,1,0,1,0,0,0,0,1,0,0,0,0,-1,2047,2047
1065,name,367.34,292.47,375.77,293.94,1,0,1,0,0,0,0,1,0,0,0,0,-1,2047,2047
1066,name,310.58,370.53,311.76,381.73,1,0,1,0,0,0,0,1,0,0,0,0,-1,2047,2047
1067,name,268.28,0.15,273.32,10.38,1,0,1,0,0,0,0,1,0,0,0,0,-1,2047,2047
1068,name,550.67,470.56,557.74,480.03,1,0,1,0,0,0,0,1,0,0,0,0,-1,2047,2047
1069,name,430.54,500.93,431.56,503.87,1,0,1,0,0,0,0,1,0,0,0,0,-1,2047,2047
1070,name,240.31,140.37,241.4,141.77,1,0,1,0,0,0,0,1,0,0,0,0,-1,2047,2047
1071,name,501.81,427.6,510.81,432.72,1,0,1,0,0,0,0,1,0,0,0,0,-1,2047,2047
1072,name,450.88,440.79,463.09,452.39,1,0,1,0,0,0,0,1,0,0,0,0,-1,2047,2047
1073,name,220.61,480.43,229.28,485.3,1,0,1,0,0,0,0,1,0,0,0,0,-1,2047,2047
1074,name,51.73,300.68,54.26,304.69,1,0,1,0,0,0,0,1,0,0,0,0,-1,2047,2047
1075,name,270.48,360.14,275.7,363.14,1,0,1,0,0,0,0,1,0,0,0,0,-1,2047,2047
1076,name,0.59,270.09,1.63,271.09,1,0,1,0,0,0,0,1,0,0,0,0,-1,2047,2047
1077,name,660.1,250.34,668.5,260.46,1,0,1,0,0,0,0,1,0,0,0,0,-1,2047,2047
1078,name,650.22,480.78,655.23,485.93,1,0,1,0,0,0,0,1,0,0,0,0,-1,2047,2047
1079,name,320.41,37.29,328.53,38.96,1,0,1,0,0,0,0,1,0,0,0,0,-1,2047,2047
1080,name,480.61,50.87,491.29,52.2,1,0,1,0,0,0,0,1,0,0,0,0,-1,2047,2047
1081,name,168.78,169.36,175.23,183.92,1,0,1,0,0,0,0,1,0,0,0,0,-1,2047,2047
1082,name,380.1,320.22,390.76,322.42,1,0,1,0,0,0,0,1,0,0,0,0,-1,2047,2047
1083,name,430.44,460.84,444.8,472.91,1,0,1,0,0,0,0,1,0,0,0,0,-1,2047,2047
1084,name,240.64,430.79,249.7,432.98,1,0,1,0,0,0,0,1,0,0,0,0,-1,2047,2047
1085,name,300.56,460.34,304.08,475.12,1,0,1,0,0,0,0,1,0,0,0,0,-1,2047,2047
1086,name,607.02,499.79,608.03,500.95,1,0,1,0,0,0,0,1,0,0,0,0,-1,2047,2047
1087,name,540.13,440.18,541.61,442.53,1,0,1,0,0,0,0,1,0,0,0,0,-1,2047,2047
1088,name,40.21,110.18,41.24,124.17,1,0,1,0,0,0,0,1,0,0,0,0,-1,2047,2047
1089,name,260.65,150.89,261.87,159.9,1,0,1,0,0,0,0,1,0,0,0,0,-1,2047,2047
1090,name,520.92,450.41,527.99,451.41,1,0,1,0,0,0,0,1,0,0,0,0,-1,2047,2047
1091,name,158.37,247.4,165.65,248.57,1,0,1,0,0,0,0,1,0,0,0,0,-1,2047,2047
1092,name,94.53,457.84,100.04,470.62,1,0,1,0,0,0,0,1,0,0,0,0,-1,2047,2047
1093,name,451.76,488.27,463.0,494.02,1,0,1,0,0,0,0,1,0,0,0,0,-1,2047,2047
1094,name,640.89,160.57,654.37,174.08,1,0,1,0,0,0,0,1,0,0,0,0,-1,2047,2047
1095,name,460.95,60.41,462.46,68.65,1,0,1,0,0,0,0,1,0,0,0,0,-1,2047,2047
1096,name,50.67,280.48,51.67,281.55,1,0,1,0,0,0,0,1,0,0,0,0,-1,2047,2047
1097,name,380.21,150.29,382.21,151.65,1,0,1,0,0,0,0,1,0,0,0,0,-1,2047,2047
1098,name,220.31,500.51,221.34,502.86,1,0,1,0,0,0,0,1,0,0,0,0,-1,2047,2047
1099,name,155.63,297.16,156.68,302.15,1,0,1,0,0,0,0,1,0,0,0,0,-1,2047,2047
1100,name,690.18,540.34,691.32,541.37,1,0,1,0,0,0,0,1,0,0,0,0,-1,2047,2047
1101,name,300.58,220.41,309.66,224.83,1,0,1,0,0,0,0,1,0,0,0,0,-1,2047,2047
1102,name,610.48,400.13,618.34,409.6,1,0,1,0,0,0,0,1,0,0,0,0,-1,2047,2047
1103,name,185.7,174.65,195.0,175.81,1,0,1,0,0,0,0,1,0,0,0,0,-1,2047,2047
1104,name,180.95,140.72,183.96,143.67,1,0,1,0,0,0,0,1,0,0,0,0,-1,2047,2047
1105,name,340.07,110.55,348.53,111.88,1,0,1,0,0,0,0,1,0,0,0,0,-1,2047,2047
1106,name,280.95,230.06,282.95,231.07,1,0,1,0,0,0,0,1,0,0,0,0,-1,2047,2047
1107,name,690.36,280.17,691.42,282.55,1,0,1,0,0,0,0,1,0,0,0,0,-1,2047,2047
1108,name,410.27,520.49,423.58,522.66,1,0,1,0,0,0,0,1,0,0,0,0,-1,2047,2047
1109,name,120.37,230.5,121.83,235.17,1,0,1,0,0,0,0,1,0,0,0,0,-1,2047,2047
1110,name,57.49,282.25,61.85,284.52,1,0,1,0,0,0,0,1,0,0,0,0,-1,2047,2047
1111,name,170.74,280.66,178.11,290.68,1,0,1,0,0,0,0,1,0,0,0,0,-1,2047,2047
1112,name,440.57,200.6,442.71,201.73,1,0,1,0,0,0,0,1,0,0,0,0,-1,2047,2047
1113,name,286.55,0.0,293.94,2.7,1,0,1,0,0,0,0,1,0,0,0,0,-1,2047,2047
1114,name,15.34,299.43,19.21,309.03,1,0,1,0,0,0,0,1,0,0,0,0,-1,2047,2047
1115,name,220.2,390.76,233.85,394.04,1,0,1,0,0,0,0,1,0,0,0,0,-1,2047,2047
1116,name,236.71,116.68,250.2,118.79,1,0,1,0,0,0,0,1,0,0,0,0,-1,2047,2047
1117,name,500.56,190.65,501.57,202.08,1,0,1,0,0,0,0,1,0,0,0,0,-1,2047,2047
1118,name,0.84,260.16,11.95,261.57,1,0,1,0,0,0,0,1,0,0,0,0,-1,2047,2047
1119,name,520.63,500.79,530.65,514.35,1,0,1,0,0,0,0,1,0,0,0,0,-1,2047,2047
1120,name,650.52,10.31,655.04,12.61,1,0,1,0,0,0,0,1,0,0,0,0,-1,2047,2047
1121,name,210.56,430.07,219.85,440.12,1,0,1,0,0,0,0,1,0,0,0,0,-1,2047,2047
1122,name,186.85,142.4,188.38,143.49,1,0,1,0,0,0,0,1,0,0,0,0,-1,2047,2047
1123,name,570.73,270.9,582.38,279.55,1,0,1,0,0,0,0,1,0,0,0,0,-1,2047,2047
1124,name,70.54,540.87,75.26,545.09,1,0,1,0,0,0,0,1,0,0,0,0,-1,2047,2047
1125,name,482.01,444.52,483.07,446.34,1,0,1,0,0,0,0,1,0,0,0,0,-1,2047,2047
1126,name,378.9,302.39,379.9,317.19,1,0,1,0,0,0,0,1,0,0,0,0,-1,2047,2047
1127,name,490.2,270.12,499.55,274.34,1,0,1,0,0,0,0,1,0,0,0,0,-1,2047,2047
1128,name,400.51,380.11,401.88,381.16,1,0,1,0,0,0,0,1,0,0,0,0,-1,2047,2047
1129,name,124.81,505.76,126.09,512.24,1,0,1,0,0,0,0,1,0,0,0,0,-1,2047,2047
1130,name,64.3,293.28,69.17,296.67,1,0,1,0,0,0,0,1,0,0,0,0,-1,2047,2047
1131,name,430.2,560.68,431.25,562.18,1,0,1,0,0,0,0,1,0,0,0,0,-1,2047,2047
1132,name,400.82,470.58,412.93,474.28,1,0,1,0,0,0,0,1,0,0,0,0,-1,2047,2047
1133,name,486.75,419.63,493.52,421.65,1,0,1,0,0,0,0,1,0,0,0,0,-1,2047,2047
1134,name,242.64,23.04,244.33,32.39,1,0,1,0,0,0,0,1,0,0,0,0,-1,2047,2047
1135,name,482.72,487.74,483.72,497.63,1,0,1,0,0,0,0,1,0,0,0,0,-1,2047,2047
1136,name,640.37,20.47,653.3,29.64,1,0,1,0,0,0,0,1,0,0,0,0,-1,2047,2047
1137,name,140.87,340.67,147.55,343.38,1,0,1,0,0,0,0,1,0,0,0,0,-1,2047,2047
1138,name,270.77,220.38,272.36,224.54,1,0,1,0,0,0,0,1,0,0,0,0,-1,2047,2047
1139,name,70.14,560.27,71.22,564.67,1,0,1,0,0,0,0,1,0,0,0,0,-1,2047,2047
1140,name,280.11,130.51,289.91,135.17,1,0,1,0,0,0,0,1,0,0,0,0,-1,2047,2047
1141,name,300.79,300.98,306.49,303.44,1,0,1,0,0,0,0,1,0,0,0,0,-1,2047,2047
1142,name,210.33,560.67,212.47,575.07,1,0,1,0,0,0,0,1,0,0,0,0,-1,2047,2047
1143,name,200.61,390.77,214.96,392.12,1,0,1,0,0,0,0,1,0,0,0,0,-1,2047,2047
1144,name,50.93,420.62,62.03,435.11,1,0,1,0,0,0,0,1,0,0,0,0,-1,2047,2047
1145,name,630.26,560.1,636.82,561.25,1,0,1,0,0,0,0,1,0,0,0,0,-1,2047,2047
1146,name,650.72,210.35,657.85,213.16,1,0,1,0,0,0,0,1,0,0,0,0,-1,2047,2047
1147,name,507.79,214.44,509.35,216.65,1,0,1,0,0,0,0,1,0,0,0,0,-1,2047,2047
1148,name,590.64,470.13,597.42,471.43,1,0,1,0,0,0,0,1,0,0,0,0,-1,2047,2047
1149,name,490.07,220.27,497.51,223.54,1,0,1,0,0,0,0,1,0,0,0,0,-1,2047,2047
1150,name,510.52,60.58,513.22,74.07,1,0,1,0,0,0,0,1,0,0,0,0,-1,2047,2047
1151,name,170.37,20.67,174.13,25.14,1,0,1,0,0,0,0,1,0,0,0,0,-1,2047,2047
1152,name,50.33,510.58,51.35,511.64,1,0,1,0,0,0,0,1,0,0,0,0,-1,2047,2047
1153,name,223.26,270.68,225.19,283.35,1,0,1,0,0,0,0,1,0,0,0,0,-1,2047,2047
1154,name,230.78,470.7,232.92,474.72,1,0,1,0,0,0,0,1,0,0,0,0,-1,2047,2047
1155,name,364.65,24.79,366.18,31.54,1,0,1,0,0,0,0,1,0,0,0,0,-1,2047,2047
1156,name,50.85,450.93,52.97,452.4,1,0,1,0,0,0,0,1,0,0,0,0,-1,2047,2047
1157,name,428.02,560.68,429.35,561.73,1,0,1,0,0,0,0,1,0,0,0,0,-1,2047,2047
1158,name,180.49,410.18,181.65,416.38,1,0,1,0,0,0,0,1,0,0,0,0,-1,2047,2047
1159,name,90.3,230.72,92.96,232.07,1,0,1,0,0,0,0,1,0,0,0,0,-1,2047,2047
1160,name,299.29,0.0,300.46,4.47,1,0,1,0,0,0,0,1,0,0,0,0,-1,2047,2047
1161,name,550.1,220.33,551.14,228.89,1,0,1,0,0,0,0,1,0,0,0,0,-1,2047,2047
1162,name,207.86,270.7,218.33,275.12,1,0,1,0,0,0,0,1,0,0,0,0,-1,2047,2047
1163,name,640.14,220.9,644.41,225.14,1,0,1,0,0,0,0,1,0,0,0,0,-1,2047,2047
1164,name,580.06,144.3,581.68,150.48,1,0,1,0,0,0,0,1,0,0,0,0,-1,2047,2047
1165,name,620.57,140.07,627.22,141.23,1,0,1,0,0,0,0,1,0,0,0,0,-1,2047,2047
1166,name,60.71,110.37,65.31,116.63,1,0,1,0,0,0,0,1,0,0,0,0,-1,2047,2047
1167,name,110.19,410.06,111.78,413.11,1,0,1,0,0,0,0,1,0,0,0,0,-1,2047,2047
1168,name,70.11,230.56,71.13,231.57,1,0,1,0,0,0,0,1,0,0,0,0,-1,2047,2047
1169,name,360.08,410.21,361.69,420.3,1,0,1,0,0,0,0,1,0,0,0,0,-1,2047,2047
1170,name,410.63,370.75,412.46,371.83,1,0,1,0,0,0,0,1,0,0,0,0,-1,2047,2047
1171,name,182.58,259.6,187.88,266.14,1,0,1,0,0,0,0,1,0,0,0,0,-1,2047,2047
1172,name,270.08,260.42,271.44,262.96,1,0,1,0,0,0,0,1,0,0,0,0,-1,2047,2047
1173,name,300.73,480.3,315.44,481.45,1,0,1,0,0,0,0,1,0,0,0,0,-1,2047,2047
1174,name,340.28,220.84,342.0,225.93,1,0,1,0,0,0,0,1,0,0,0,0,-1,2047,2047
1175,name,690.9,190.76,695.03,192.75,1,0,1,0,0,0,0,1,0,0,0,0,-1,2047,2047
1176,name,420.78,20.56,429.97,35.01,1,0,1,0,0,0,0,1,0,0,0,0,-1,2047,2047
1177,name,220.38,530.23,227.02,536.02,1,0,1,0,0,0,0,1,0,0,0,0,-1,2047,2047
1178,name,490.78,170.79,497.21,172.27,1,0,1,0,0,0,0,1,0,0,0,0,-1,2047,2047
1179,name,540.33,230.6,549.92,236.34,1,0,1,0,0,0,0,1,0,0,0,0,-1,2047,2047
1180,name,200.19,0.07,212.95,4.69,1,0,1,0,0,0,0,1,0,0,0,0,-1,2047,2047
1181,name,359.08,49.58,366.24,51.29,1,0,1,0,0,0,0,1,0,0,0,0,-1,2047,2047
1182,name,20.21,170.12,21.25,171.21,1,0,1,0,0,0,0,1,0,0,0,0,-1,2047,2047
1183,name,650.91,530.31,651.98,537.66,1,0,1,0,0,0,0,1,0,0,0,0,-1,2047,2047
1184,name,348.13,289.84,349.14,301.29,1,0,1,0,0,0,0,1,0,0,0,0,-1,2047,2047
1185,name,510.54,160.26,517.23,162.53,1,0,1,0,0,0,0,1,0,0,0,0,-1,2047,2047
1186,name,340.38,450.72,350.21,451.92,1,0,1,0,0,0,0,1,0,0,0,0,-1,2047,2047
1187,name,630.95,470.53,645.57,472.32,1,0,1,0,0,0,0,1,0,0,0,0,-1,2047,2047
1188,name,200.36,150.43,205.3,156.76,1,0,1,0,0,0,0,1,0,0,0,0,-1,2047,2047
1189,name,250.84,200.64,252.29,203.08,1,0,1,0,0,0,0,1,0,0,0,0,-1,2047,2047
1190,name,570.66,260.56,571.66,263.93,1,0,1,0,0,0,0,1,0,0,0,0,-1,2047,2047
1191,name,400.3,30.45,404.63,33.31,1,0,1,0,0,0,0,1,0,0,0,0,-1,2047,2047
1192,name,230.85,430.87,233.84,433.62,1,0,1,0,0,0,0,1,0,0,0,0,-1,2047,2047
1193,name,20.34,180.1,28.7,184.87,1,0,1,0,0,0,0,1,0,0,0,0,-1,2047,2047
1194,name,660.63,370.78,661.64,371.94,1,0,1,0,0,0,0,1,0,0,0,0,-1,2047,2047
1195,name,0.14,330.63,3.01,336.61,1,0,1,0,0,0,0,1,0,0,0,0,-1,2047,2047
1196,name,344.61,53.05,349.42,59.87,1,0,1,0,0,0,0,1,0,0,0,0,-1,2047,2047
1197,name,157.73,439.43,165.01,442.42,1,0,1,0,0,0,0,1,0,0,0,0,-1,2047,2047
1198,name,130.69,190.51,139.51,193.03,1,0,1,0,0,0,0,1,0,0,0,0,-1,2047,2047
1199,name,494.4,415.05,499.54,418.93,1,0,1,0,0,0,0,1,0,0,0,0,-1,2047,2047
1200,name,600.11,210.71,602.63,220.4,1,0,1,0,0,0,0,1,0,0,0,0,-1,2047,2047
1201,name,537.53,113.0,540.79,114.29,1,0,1,0,0,0,0,1,0,0,0,0,-1,2047,2047
1202,name,350.61,110.54,352.59,120.97,1,0,1,0,0,0,0,1,0,0,0,0,-1,2047,2047
1203,name,537.39,211.49,538.75,219.88,1,0,1,0,0,0,0,1,0,0,0,0,-1,2047,2047
1204,name,179.85,154.88,180.86,159.32,1,0,1,0,0,0,0,1,0,0,0,0,-1,2047,2047
1205,name,30.79,130.11,34.86,141.85,1,0,1,0,0,0,0,1,0,0,0,0,-1,2047,2047
1206,name,189.35,293.48,192.69,296.59,1,0,1,0,0,0,0,1,0,0,0,0,-1,2047,2047
1207,name,410.45,0.61,412.44,3.55,1,0,1,0,0,0,0,1,0,0,0,0,-1,2047,2047
1208,name,20.07,560.28,22.29,563.89,1,0,1,0,0,0,0,1,0,0,0,0,-1,2047,2047
1209,name,50.89,520.11,53.22,530.37,1,0,1,0,0,0,0,1,0,0,0,0,-1,2047,2047
1210,name,650.75,150.11,651.85,151.62,1,0,1,0,0,0,0,1,0,0,0,0,-1,2047,2047
1211,name,180.28,20.14,187.38,21.96,1,0,1,0,0,0,0,1,0,0,0,0,-1,2047,2047
1212,name,92.75,3.05,93.75,10.63,1,0,1,0,0,0,0,1,0,0,0,0,-1,2047,2047
1213,name,136.5,557.97,140.13,558.97,1,0,1,0,0,0,0,1,0,0,0,0,-1,2047,2047
1214,name,490.35,450.36,498.35,455.06,1,0,1,0,0,0,0,1,0,0,0,0,-1,2047,2047
1215,name,610.1,280.82,611.17,282.07,1,0,1,0,0,0,0,1,0,0,0,0,-1,2047,2047
1216,name,60.83,540.91,63.14,550.41,1,0,1,0,0,0,0,1,0,0,0,0,-1,2047,2047
1217,name,541.19,160.95,542.65,174.03,1,0,1,0,0,0,0,1,0,0,0,0,-1,2047,2047
1218,name,136.47,448.4,141.48,453.77,1,0,1,0,0,0,0,1,0,0,0,0,-1,2047,2047
1219,name,116.73,19.67,120.3,22.76,1,0,1,0,0,0,0,1,0,0,0,0,-1,2047,2047
1220,name,20.66,10.61,26.96,17.55,1,0,1,0,0,0,0,1,0,0,0,0,-1,2047,2047
1221,name,352.65,94.0,356.5,95.13,1,0,1,0,0,0,0,1,0,0,0,0,-1,2047,2047
1222,name,574.78,101.45,575.93,104.43,1,0,1,0,0,0,0,1,0,0,0,0,-1,2047,2047
1223,name,670.82,180.76,672.3,186.91,1,0,1,0,0,0,0,1,0,0,0,0,-1,2047,2047
1224,name,240.85,210.59,241.86,211.83,1,0,1,0,0,0,0,1,0,0,0,0,-1,2047,2047
1225,name,150.76,320.75,151.92,329.94,1,0,1,0,0,0,0,1,0,0,0,0,-1,2047,2047
1226,name,570.35,30.2,571.36,35.18,1,0,1,0,0,0,0,1,0,0,0,0,-1,2047,2047
1227,name,390.49,400.3,392.0,402.15,1,0,1,0,0,0,0,1,0,0,0,0,-1,2047,2047
1228,name,140.83,159.04,142.43,171.34,1,0,1,0,0,0,0,1,0,0,0,0,-1,2047,2047
1229,name,576.88,9.11,579.65,16.98,1,0,1,0,0,0,0,1,0,0,0,0,-1,2047,2047
1230,name,77.19,43.74,83.11,45.41,1,0,1,0,0,0,0,1,0,0,0,0,-1,2047,2047
1231,name,570.31,460.07,573.99,468.52,1,0,1,0,0,0,0,1,0,0,0,0,-1,2047,2047
1232,name,370.12,170.42,379.6,179.76,1,0,1,0,0,0,0,1,0,0,0,0,-1,2047,2047
1233,name,250.76,400.53,264.48,403.32,1,0,1,0,0,0,0,1,0,0,0,0,-1,2047,2047
1234,name,113.59,443.17,125.08,448.18,1,0,1,0,0,0,0,1,0,0,0,0,-1,2047,2047
1235,name,430.89,410.38,443.51,412.59,1,0,1,0,0,0,0,1,0,0,0,0,-1,2047,2047
1236,name,109.72,245.56,115.38,246.72,1,0,1,0,0,0,0,1,0,0,0,0,-1,2047,2047
1237,name,250.86,240.89,260.29,242.65,1,0,1,0,0,0,0,1,0,0,0,0,-1,2047,2047
1238,name,556.36,19.13,562.9,28.81,1,0,1,0,0,0,0,1,0,0,0,0,-1,2047,2047
1239,name,480.43,530.58,492.89,538.42,1,0,1,0,0,0,0,1,0,0,0,0,-1,2047,2047
1240,name,640.69,40.39,641.71,42.39,1,0,1,0,0,0,0,1,0,0,0,0,-1,2047,2047
1241,name,135.26,461.21,136.6,462.28,1,0,1,0,0,0,0,1,0,0,0,0,-1,2047,2047
1242,name,380.79,120.38,390.27,123.64,1,0,1,0,0,0,0,1,0,0,0,0,-1,2047,2047
1243,name,548.83,79.36,551.06,94.11,1,0,1,0,0,0,0,1,0,0,0,0,-1,2047,2047
1244,name,470.86,310.91,479.13,319.24,1,0,1,0,0,0,0,1,0,0,0,0,-1,2047,2047
1245,name,0.07,530.15,4.96,540.19,1,0,1,0,0,0,0,1,0,0,0,0,-1,2047,2047
1246,name,610.28,30.68,612.85,31.68,1,0,1,0,0,0,0,1,0,0,0,0,-1,2047,2047
1247,name,31.07,256.88,37.75,262.9,1,0,1,0,0,0,0,1,0,0,0,0,-1,2047,2047
1248,name,660.88,30.21,663.55,34.72,1,0,1,0,0,0,0,1,0,0,0,0,-1,2047,2047
1249,name,620.67,330.31,626.18,331.45,1,0,1,0,0,0,0,1,0,0,0,0,-1,2047,2047
1250,name,10.71,410.16,13.01,414.09,1,0,1,0,0,0,0,1,0,0,0,0,-1,2047,2047
1251,name,210.48,500.46,218.8,501.91,1,0,1,0,0,0,0,1,0,0,0,0,-1,2047,2047
1252,name,450.41,250.65,459.07,253.49,1,0,1,0,0,0,0,1,0,0,0,0,-1,2047,2047
1253,name,80.46,550.13,85.1,551.13,1,0,1,0,0,0,0,1,0,0,0,0,-1,2047,2047
1254,name,560.81,390.16,562.44,393.59,1,0,1,0,0,0,0,1,0,0,0,0,-1,2047,2047
1255,name,164.14,257.85,166.08,266.56,1,0,1,0,0,0,0,1,0,0,0,0,-1,2047,2047
1256,name,513.31,494.29,515.44,499.52,1,0,1,0,0,0,0,1,0,0,0,0,-1,2047,2047
1257,name,490.93,20.77,494.25,28.83,1,0,1,0,0,0,0,1,0,0,0,0,-1,2047,2047
1258,name,130.53,150.87,145.39,157.85,1,0,1,0,0,0,0,1,0,0,0,0,-1,2047,2047
1259,name,243.97,132.11,245.71,138.27,1,0,1,0,0,0,0,1,0,0,0,0,-1,2047,2047
1260,name,0.71,350.49,3.9,352.12,1,0,1,0,0,0,0,1,0,0,0,0,-1,2047,2047
1261,name,525.91,221.36,527.41,224.77,1,0,1,0,0,0,0,1,0,0,0,0,-1,2047,2047
1262,name,80.15,370.29,82.15,375.71,1,0,1,0,0,0,0,1,0,0,0,0,-1,2047,2047
1263,name,140.4,70.46,144.75,82.17,1,0,1,0,0,0,0,1,0,0,0,0,-1,2047,2047
1264,name,20.43,330.33,23.97,331.47,1,0,1,0,0,0,0,1,0,0,0,0,-1,2047,2047
1265,name,120.74,50.68,121.96,62.13,1,0,1,0,0,0,0,1,0,0,0,0,-1,2047,2047
1266,name,220.16,380.48,229.3,383.51,1,0,1,0,0,0,0,1,0,0,0,0,-1,2047,2047
1267,name,150.17,0.94,156.58,9.84,1,0,1,0,0,0,0,1,0,0,0,0,-1,2047,2047
1268,name,682.51,447.68,685.03,449.09,1,0,1,0,0,0,0,1,0,0,0,0,-1,2047,2047
1269,name,140.11,430.11,143.22,443.36,1,0,1,0,0,0,0,1,0,0,0,0,-1,2047,2047
1270,name,228.15,108.68,233.37,110.15,1,0,1,0,0,0,0,1,0,0,0,0,-1,2047,2047
1271,name,405.85,515.87,417.4,520.34,1,0,1,0,0,0,0,1,0,0,0,0,-1,2047,2047
1272,name,93.26,317.64,104.73,328.01,1,0,1,0,0,0,0,1,0,0,0,0,-1,2047,2047
1273,name,570.44,70.91,572.05,85.59,1,0,1,0,0,0,0,1,0,0,0,0,-1,2047,2047
1274,name,470.39,420.56,471.58,423.69,1,0,1,0,0,0,0,1,0,0,0,0,-1,2047,2047
1275,name,706.0,422.87,707.84,423.87,1,0,1,0,0,0,0,1,0,0,0,0,-1,2047,2047
1276,name,190.87,510.22,193.94,511.22,1,0,1,0,0,0,0,1,0,0,0,0,-1,2047,2047
1277,name,395.55,256.69,403.16,258.32,1,0,1,0,0,0,0,1,0,0,0,0,-1,2047,2047
1278,name,90.81,150.61,92.4,163.53,1,0,1,0,0,0,0,1,0,0,0,0,-1,2047,2047
1279,name,204.34,332.39,210.3,337.11,1,0,1,0,0,0,0,1,0,0,0,0,-1,2047,2047
1280,name,653.76,521.1,655.05,530.24,1,0,1,0,0,0,0,1,0,0,0,0,-1,2047,2047
1281,name,200.84,110.22,201.86,112.24,1,0,1,0,0,0,0,1,0,0,0,0,-1,2047,2047
1282,name,28.9,306.15,39.18,307.15,1,0,1,0,0,0,0,1,0,0,0,0,-1,2047,2047
1283,name,248.03,474.88,261.84,478.1,1,0,1,0,0,0,0,1,0,0,0,0,-1,2047,2047
1284,name,514.75,423.6,519.35,425.4,1,0,1,0,0,0,0,1,0,0,0,0,-1,2047,2047
1285,name,680.19,360.18,687.31,361.96,1,0,1,0,0,0,0,1,0,0,0,0,-1,2047,2047
1286,name,688.84,414.56,695.58,416.08,1,0,1,0,0,0,0,1,0,0,0,0,-1,2047,2047
1287,name,300.39,240.27,301.76,243.12,1,0,1,0,0,0,0,1,0,0,0,0,-1,2047,2047
1288,name,534.23,98.76,537.54,106.4,1,0,1,0,0,0,0,1,0,0,0,0,-1,2047,2047
1289,name,460.36,370.62,461.37,371.83,1,0,1,0,0,0,0,1,0,0,0,0,-1,2047,2047
1290,name,697.07,412.48,698.09,414.21,1,0,1,0,0,0,0,1,0,0,0,0,-1,2047,2047
1291,name,50.87,140.33,53.63,144.49,1,0,1,0,0,0,0,1,0,0,0,0,-1,2047,2047
1292,name,365.92,297.96,367.95,299.03,1,0,1,0,0,0,0,1,0,0,0,0,-1,2047,2047
1293,name,300.47,70.64,305.29,72.79,1,0,1,0,0,0,0,1,0,0,0,0,-1,2047,2047
1294,name,110.09,130.56,124.55,132.73,1,0,1,0,0,0,0,1,0,0,0,0,-1,2047,2047
1295,name,450.54,350.16,453.14,354.91,1,0,1,0,0,0,0,1,0,0,0,0,-1,2047,2047
1296,name,110.15,90.49,111.15,101.02,1,0,1,0,0,0,0,1,0,0,0,0,-1,2047,2047
1297,name,442.63,93.05,447.32,97.01,1,0,1,0,0,0,0,1,0,0,0,0,-1,2047,2047
1298,name,254.47,286.31,259.4,299.09,1,0,1,0,0,0,0,1,0,0,0,0,-1,2047,2047
1299,name,556.87,132.68,559.09,143.09,1,0,1,0,0,0,0,1,0,0,0,0,-1,2047,2047
1300,name,60.75,550.74,69.56,559.65,1,0,1,0,0,0,0,1,0,0,0,0,-1,2047,2047
1301,name,567.56,146.69,575.36,147.87,1,0,1,0,0,0,0,1,0,0,0,0,-1,2047,2047
1302,name,20.5,200.61,25.88,201.61,1,0,1,0,0,0,0,1,0,0,0,0,-1,2047,2047
1303,name,163.02,309.16,168.47,313.18,1,0,1,0,0,0,0,1,0,0,0,0,-1,2047,2047
1304,name,378.71,293.79,385.75,294.86,1,0,1,0,0,0,0,1,0,0,0,0,-1,2047,2047
1305,name,610.43,110.34,613.38,117.18,1,0,1,0,0,0,0,1,0,0,0,0,-1,2047,2047
1306,name,160.1,241.82,164.84,243.39,1,0,1,0,0,0,0,1,0,0,0,0,-1,2047,2047
1307,name,469.04,554.19,471.86,557.42,1,0,1,0,0,0,0,1,0,0,0,0,-1,2047,2047
1308,name,383.27,91.52,392.34,97.52,1,0,1,0,0,0,0,1,0,0,0,0,-1,2047,2047
1309,name,370.71,380.65,376.85,382.24,1,0,1,0,0,0,0,1,0,0,0,0,-1,2047,2047
1310,name,96.53,311.25,102.45,317.26,1,0,1,0,0,0,0,1,0,0,0,0,-1,2047,2047
1311,name,470.07,210.08,480.0,211.41,1,0,1,0,0,0,0,1,0,0,0,0,-1,2047,2047
1312,name,60.33,520.89,70.17,526.5,1,0,1,0,0,0,0,1,0,0,0,0,-1,2047,2047
1313,name,182.74,93.88,187.5,95.0,1,0,1,0,0,0,0,1,0,0,0,0,-1,2047,2047
1314,name,220.38,290.07,222.71,293.49,1,0,1,0,0,0,0,1,0,0,0,0,-1,2047,2047
1315,name,550.27,130.78,562.86,131.8,1,0,1,0,0,0,0,1,0,0,0,0,-1,2047,2047
1316,name,670.48,50.19,672.16,53.42,1,0,1,0,0,0,0,1,0,0,0,0,-1,2047,2047
1317,name,504.05,213.5,505.33,217.04,1,0,1,0,0,0,0,1,0,0,0,0,-1,2047,2047
1318,name,500.22,370.33,509.09,371.52,1,0,1,0,0,0,0,1,0,0,0,0,-1,2047,2047
1319,name,565.73,129.87,567.02,133.5,1,0,1,0,0,0,0,1,0,0,0,0,-1,2047,2047
1320,name,292.84,319.61,294.09,332.11,1,0,1,0,0,0,0,1,0,0,0,0,-1,2047,2047
1321,name,560.25,320.69,566.38,323.63,1,0,1,0,0,0,0,1,0,0,0,0,-1,2047,2047
1322,name,156.56,556.05,158.97,557.15,1,0,1,0,0,0,0,1,0,0,0,0,-1,2047,2047
1323,name,480.99,449.6,483.66,451.35,1,0,1,0,0,0,0,1,0,0,0,0,-1,2047,2047
1324,name,200.73,380.34,202.99,382.06,1,0,1,0,0,0,0,1,0,0,0,0,-1,2047,2047
1325,name,680.43,70.12,686.73,78.33,1,0,1,0,0,0,0,1,0,0,0,0,-1,2047,2047
1326,name,374.1,519.33,386.32,520.35,1,0,1,0,0,0,0,1,0,0,0,0,-1,2047,2047
1327,name,20.52,120.59,26.66,131.27,1,0,1,0,0,0,0,1,0,0,0,0,-1,2047,2047
1328,name,580.78,210.71,587.38,219.38,1,0,1,0,0,0,0,1,0,0,0,0,-1,2047,2047
1329,name,469.36,428.55,470.45,431.45,1,0,1,0,0,0,0,1,0,0,0,0,-1,2047,2047
1330,name,690.85,340.66,694.19,341.72,1,0,1,0,0,0,0,1,0,0,0,0,-1,2047,2047
1331,name,580.38,290.19,584.48,291.88,1,0,1,0,0,0,0,1,0,0,0,0,-1,2047,2047
1332,name,190.3,270.91,193.39,271.91,1,0,1,0,0,0,0,1,0,0,0,0,-1,2047,2047
1333,name,590.86,320.77,596.77,335.5,1,0,1,0,0,0,0,1,0,0,0,0,-1,2047,2047
1334,name,508.22,377.17,509.93,383.38,1,0,1,0,0,0,0,1,0,0,0,0,-1,2047,2047
1335,name,590.24,210.68,596.59,218.78,1,0,1,0,0,0,0,1,0,0,0,0,-1,2047,2047
1336,name,0.28,400.33,1.36,414.31,1,0,1,0,0,0,0,1,0,0,0,0,-1,2047,2047
1337,name,500.49,260.93,501.54,264.64,1,0,1,0,0,0,0,1,0,0,0,0,-1,2047,2047
1338,name,152.61,269.61,157.48,271.26,1,0,1,0,0,0,0,1,0,0,0,0,-1,2047,2047
1339,name,201.74,105.94,202.83,107.02,1,0,1,0,0,0,0,1,0,0,0,0,-1,2047,2047
1340,name,273.34,0.0,275.28,2.7,1,0,1,0,0,0,0,1,0,0,0,0,-1,2047,2047
1341,name,350.32,300.55,361.21,301.58,1,0,1,0,0,0,0,1,0,0,0,0,-1,2047,2047
1342,name,26.7,271.43,38.2,272.89,1,0,1,0,0,0,0,1,0,0,0,0,-1,2047,2047
1343,name,90.92,70.64,105.22,72.83,1,0,1,0,0,0,0,1,0,0,0,0,-1,2047,2047
1344,name,460.32,90.52,466.34,105.38,1,0,1,0,0,0,0,1,0,0,0,0,-1,2047,2047
1345,name,587.46,29.81,597.87,31.19,1,0,1,0,0,0,0,1,0,0,0,0,-1,2047,2047
1346,name,300.25,280.52,313.41,294.29,1,0,1,0,0,0,0,1,0,0,0,0,-1,2047,2047
1347,name,420.49,450.93,429.12,452.87,1,0,1,0,0,0,0,1,0,0,0,0,-1,2047,2047
1348,name,150.45,230.87,153.3,233.01,1,0,1,0,0,0,0,1,0,0,0,0,-1,2047,2047
1349,name,430.87,230.8,435.93,241.22,1,0,1,0,0,0,0,1,0,0,0,0,-1,2047,2047
1350,name,212.79,105.0,219.33,106.11,1,0,1,0,0,0,0,1,0,0,0,0,-1,2047,2047
1351,name,78.15,33.11,87.23,35.5,1,0,1,0,0,0,0,1,0,0,0,0,-1,2047,2047
1352,name,260.63,160.19,271.14,168.57,1,0,1,0,0,0,0,1,0,0,0,0,-1,2047,2047
1353,name,119.09,467.58,120.46,471.01,1,0,1,0,0,0,0,1,0,0,0,0,-1,2047,2047
1354,name,573.31,151.65,577.9,164.72,1,0,1,0,0,0,0,1,0,0,0,0,-1,2047,2047
1355,name,328.64,56.59,333.36,62.98,1,0,1,0,0,0,0,1,0,0,0,0,-1,2047,2047
1356,name,230.71,510.78,234.51,513.24,1,0,1,0,0,0,0,1,0,0,0,0,-1,2047,2047
1357,name,540.06,460.05,546.89,461.26,1,0,1,0,0,0,0,1,0,0,0,0,-1,2047,2047
1358,name,320.54,410.12,326.81,412.79,1,0,1,0,0,0,0,1,0,0,0,0,-1,2047,2047
1359,name,420.29,300.42,423.92,308.23,1,0,1,0,0,0,0,1,0,0,0,0,-1,2047,2047
1360,name,540.1,540.56,541.25,542.18,1,0,1,0,0,0,0,1,0,0,0,0,-1,2047,2047
1361,name,260.5,100.53,263.86,103.08,1,0,1,0,0,0,0,1,0,0,0,0,-1,2047,2047
1362,name,330.29,190.35,337.29,195.13,1,0,1,0,0,0,0,1,0,0,0,0,-1,2047,2047
1363,name,700.34,280.92,715.31,282.65,1,0,1,0,0,0,0,1,0,0,0,0,-1,2047,2047
1364,name,630.87,340.21,637.58,344.75,1,0,1,0,0,0,0,1,0,0,0,0,-1,2047,2047
1365,name,590.49,450.15,592.81,460.35,1,0,1,0,0,0,0,1,0,0,0,0,-1,2047,2047
1366,name,190.88,430.37,197.48,431.5,1,0,1,0,0,0,0,1,0,0,0,0,-1,2047,2047
1367,name,530.65,430.81,531.74,431.81,1,0,1,0,0,0,0,1,0,0,0,0,-1,2047,2047
1368,name,411.88,526.8,420.42,527.97,1,0,1,0,0,0,0,1,0,0,0,0,-1,2047,2047
1369,name,230.72,340.3,235.34,342.82,1,0,1,0,0,0,0,1,0,0,0,0,-1,2047,2047
1370,name,550.61,340.19,556.22,348.4,1,0,1,0,0,0,0,1,0,0,0,0,-1,2047,2047
1371,name,650.57,450.8,653.99,457.23,1,0,1,0,0,0,0,1,0,0,0,0,-1,2047,2047
1372,name,150.34,480.18,152.54,481.4,1,0,1,0,0,0,0,1,0,0,0,0,-1,2047,2047
1373,name,590.89,40.16,593.4,41.64,1,0,1,0,0,0,0,1,0,0,0,0,-1,2047,2047
1374,name,107.94,13.23,109.22,16.64,1,0,1,0,0,0,0,1,0,0,0,0,-1,2047,2047
1375,name,242.75,88.92,244.14,96.11,1,0,1,0,0,0,0,1,0,0,0,0,-1,2047,2047
1376,name,150.17,20.42,154.74,21.83,1,0,1,0,0,0,0,1,0,0,0,0,-1,2047,2047
1377,name,490.17,380.14,494.79,381.17,1,0,1,0,0,0,0,1,0,0,0,0,-1,2047,2047
1378,name,290.69,550.86,299.43,553.81,1,0,1,0,0,0,0,1,0,0,0,0,-1,2047,2047
1379,name,706.0,424.68,718.3,427.0,1,0,1,0,0,0,0,1,0,0,0,0,-1,2047,2047
1380,name,460.3,80.28,461.33,81.9,1,0,1,0,0,0,0,1,0,0,0,0,-1,2047,2047
1381,name,650.47,430.2,658.9,442.56,1,0,1,0,0,0,0,1,0,0,0,0,-1,2047,2047
1382,name,380.39,330.56,381.52,343.76,1,0,1,0,0,0,0,1,0,0,0,0,-1,2047,2047
1383,name,30.27,200.48,31.46,202.12,1,0,1,0,0,0,0,1,0,0,0,0,-1,2047,2047
1384,name,330.49,510.34,331.9,522.82,1,0,1,0,0,0,0,1,0,0,0,0,-1,2047,2047
1385,name,90.86,250.67,102.7,258.13,1,0,1,0,0,0,0,1,0,0,0,0,-1,2047,2047
1386,name,535.22,0.0,536.43,10.68,1,0,1,0,0,0,0,1,0,0,0,0,-1,2047,2047
1387,name,20.88,470.15,28.57,473.91,1,0,1,0,0,0,0,1,0,0,0,0,-1,2047,2047
1388,name,110.2,450.06,112.19,458.27,1,0,1,0,0,0,0,1,0,0,0,0,-1,2047,2047
1389,name,200.58,440.1,201.71,442.46,1,0,1,0,0,0,0,1,0,0,0,0,-1,2047,2047
1390,name,602.33,0.0,605.1,13.3,1,0,1,0,0,0,0,1,0,0,0,0,-1,2047,2047
1391,name,80.53,80.9,89.2,86.55,1,0,1,0,0,0,0,1,0,0,0,0,-1,2047,2047
1392,name,0.6,550.11,1.97,562.36,1,0,1,0,0,0,0,1,0,0,0,0,-1,2047,2047
1393,name,380.08,500.79,386.87,505.38,1,0,1,0,0,0,0,1,0,0,0,0,-1,2047,2047
1394,name,680.95,530.14,695.59,532.37,1,0,1,0,0,0,0,1,0,0,0,0,-1,2047,2047
1395,name,185.02,102.79,191.06,117.09,1,0,1,0,0,0,0,1,0,0,0,0,-1,2047,2047
1396,name,91.42,308.76,95.36,310.3,1,0,1,0,0,0,0,1,0,0,0,0,-1,2047,2047
1397,name,10.73,230.88,23.19,231.94,1,0,1,0,0,0,0,1,0,0,0,0,-1,2047,2047
1398,name,580.44,560.57,585.51,569.06,1,0,1,0,0,0,0,1,0,0,0,0,-1,2047,2047
1399,name,210.62,160.63,219.47,161.65,1,0,1,0,0,0,0,1,0,0,0,0,-1,2047,2047
1400,name,340.91,0.86,348.28,3.16,1,0,1,0,0,0,0,1,0,0,0,0,-1,2047,2047
1401,name,150.85,350.45,152.79,357.78,1,0,1,0,0,0,0,1,0,0,0,0,-1,2047,2047
1402,name,360.7,200.3,368.34,208.54,1,0,1,0,0,0,0,1,0,0,0,0,-1,2047,2047
1403,name,40.58,100.83,45.75,103.41,1,0,1,0,0,0,0,1,0,0,0,0,-1,2047,2047
1404,name,320.37,520.76,327.71,522.73,1,0,1,0,0,0,0,1,0,0,0,0,-1,2047,2047
1405,name,477.36,404.4,478.37,418.73,1,0,1,0,0,0,0,1,0,0,0,0,-1,2047,2047
1406,name,350.42,510.9,357.58,515.43,1,0,1,0,0,0,0,1,0,0,0,0,-1,2047,2047
1407,name,108.98,0.0,111.87,9.73,1,0,1,0,0,0,0,1,0,0,0,0,-1,2047,2047
1408,name,130.82,400.68,132.51,413.61,1,0,1,0,0,0,0,1,0,0,0,0,-1,2047,2047
1409,name,390.92,0.42,405.01,8.59,1,0,1,0,0,0,0,1,0,0,0,0,-1,2047,2047
1410,name,555.69,198.66,557.54,200.14,1,0,1,0,0,0,0,1,0,0,0,0,-1,2047,2047
1411,name,180.47,40.27,190.84,43.1,1,0,1,0,0,0,0,1,0,0,0,0,-1,2047,2047
1412,name,200.46,120.58,206.0,131.47,1,0,1,0,0,0,0,1,0,0,0,0,-1,2047,2047
1413,name,660.57,90.75,671.63,92.96,1,0,1,0,0,0,0,1,0,0,0,0,-1,2047,2047
1414,name,250.66,140.51,253.82,141.55,1,0,1,0,0,0,0,1,0,0,0,0,-1,2047,2047
1415,name,560.82,480.4,567.57,492.38,1,0,1,0,0,0,0,1,0,0,0,0,-1,2047,2047
