,name,tl_y,tl_x,br_y,br_x,type,center,side,board,offset_x,offset_y,time
0,0|FIDU1,199,4,201,6,2,1,0,0,0,0,0.04
1,0|FIDU2,9,294,11,296,2,1,0,0,0,0,0.04
2,1|,199.5,128.5,204.5,133.5,1,0,0,0,0,0,0.25
3,2|,5.499924,166.5,10.49992,171.5,1,0,0,0,0,0,0.25
4,1|BGA1,144.6221,169.139,157.6221,180.139,0,0,0,0,0,0,1.43
5,1|BGA2,144.6221,155.931,157.6221,166.931,0,0,0,0,0,0,1.43
6,1|BGA3,183.1256,250.698,189.2226,258.86,0,0,0,0,0,0,0.497637
7,1|BGA4,191.2536,250.825,197.3506,258.987,0,0,0,0,0,0,0.497637
8,1|C1,4.901395,291.2247,7.334725,294.3917,0,0,0,0,0,0,0.077064
9,1|C10,11.17539,286.7287,13.60872,289.8957,0,0,0,0,0,0,0.077064
10,1|C100,11.94998,232.5039,12.24013,233.1039,0,0,0,0,0,0,0.001741
11,1|C101,13.87998,232.7579,14.17013,233.3579,0,0,0,0,0,0,0.001741
12,1|C102,5.980985,229.8629,6.271135,230.4629,0,0,0,0,0,0,0.001741
13,1|C103,6.767995,229.8629,7.058145,230.4629,0,0,0,0,0,0,0.001741
14,1|C104,7.682985,229.8629,7.973135,230.4629,0,0,0,0,0,0,0.001741
15,1|C105,8.850985,229.8629,9.141135,230.4629,0,0,0,0,0,0,0.001741
16,1|C106,10.27399,229.8629,10.56414,230.4629,0,0,0,0,0,0,0.001741
17,1|C107,11.94998,229.8629,12.24013,230.4629,0,0,0,0,0,0,0.001741
18,1|C108,13.87998,229.8629,14.17013,230.4629,0,0,0,0,0,0,0.001741
19,1|C109,6.205985,228.4939,6.805985,228.7841,0,0,0,0,0,0,0.001741
20,1|C11,14.6294,286.7287,17.06273,289.8957,0,0,0,0,0,0,0.077064
21,1|C110,7.704995,228.4939,8.304995,228.7841,0,0,0,0,0,0,0.001741
22,1|C111,9.329995,228.4939,9.929995,228.7841,0,0,0,0,0,0,0.001741
23,1|C112,11.20998,228.4939,11.80998,228.7841,0,0,0,0,0,0,0.001741
24,1|C113,13.34299,228.4939,13.94299,228.7841,0,0,0,0,0,0,0.001741
25,1|C114,6.01902,223.974,6.2311,224.316,0,0,0,0,0,0,0.000725
26,1|C115,6.67903,224.101,6.89111,224.443,0,0,0,0,0,0,0.000725
27,1|C116,7.46702,224.355,7.6791,224.697,0,0,0,0,0,0,0.000725
28,1|C117,8.50802,224.609,8.7201,224.951,0,0,0,0,0,0,0.000725
29,1|C118,9.80403,224.863,10.01611,225.205,0,0,0,0,0,0,0.000725
30,1|C119,11.35302,225.117,11.5651,225.459,0,0,0,0,0,0,0.000725
31,1|C12,18.33841,286.7287,20.77174,289.8957,0,0,0,0,0,0,0.077064
32,1|C120,13.15602,225.371,13.3681,225.713,0,0,0,0,0,0,0.000725
33,1|C121,6.01902,222.856,6.2311,223.198,0,0,0,0,0,0,0.000725
34,1|C122,6.67903,222.856,6.89111,223.198,0,0,0,0,0,0,0.000725
35,1|C123,7.46702,222.856,7.6791,223.198,0,0,0,0,0,0,0.000725
36,1|C124,8.50802,222.856,8.7201,223.198,0,0,0,0,0,0,0.000725
37,1|C125,9.80403,222.856,10.01611,223.198,0,0,0,0,0,0,0.000725
38,1|C126,11.35302,222.856,11.5651,223.198,0,0,0,0,0,0,0.000725
39,1|C127,13.15602,222.856,13.3681,223.198,0,0,0,0,0,0,0.000725
40,1|C128,6.7181,221.651,7.0601,221.863,0,0,0,0,0,0,0.000725
41,1|C129,7.83611,221.651,8.17811,221.863,0,0,0,0,0,0,0.000725
42,1|C13,22.30039,286.7287,24.73372,289.8957,0,0,0,0,0,0,0.077064
43,1|C130,9.0801,221.651,9.4221,221.863,0,0,0,0,0,0,0.000725
44,1|C131,10.5791,221.651,10.9211,221.863,0,0,0,0,0,0,0.000725
45,1|C132,12.3311,221.651,12.6731,221.863,0,0,0,0,0,0,0.000725
46,1|C133,4.67956,209.7905,11.92256,216.2915,0,0,0,0,0,0,0.470867
47,1|C134,4.87556,199.7115,12.11856,206.2125,0,0,0,0,0,0,0.470867
48,1|C135,41.77956,246.3445,48.28056,253.5875,0,0,0,0,0,0,0.470867
49,1|C136,49.39957,246.1915,55.90057,253.4345,0,0,0,0,0,0,0.470867
50,1|C137,57.01956,245.9375,63.52056,253.1805,0,0,0,0,0,0,0.470867
51,1|C138,41.73356,235.2765,48.23456,242.5195,0,0,0,0,0,0,0.470867
52,1|C139,49.35357,235.6325,55.85457,242.8755,0,0,0,0,0,0,0.470867
53,1|C14,26.51638,286.7287,28.94971,289.8957,0,0,0,0,0,0,0.077064
54,1|C140,56.97356,235.8865,63.47456,243.1295,0,0,0,0,0,0,0.470867
55,1|C141,36.12438,195.3198,55.96257,196.7605,0,0,0,0,0,0,0.285809
56,1|C142,45.30757,165.1533,46.74826,184.9915,0,0,0,0,0,0,0.285807
57,1|C143,113.1461,287.1749,117.3681,294.361,0,0,0,0,0,0,0.303397
58,1|C144,118.2261,287.4289,122.4481,294.615,0,0,0,0,0,0,0.303397
59,1|C145,123.8141,287.683,128.0361,294.8691,0,0,0,0,0,0,0.303397
60,1|C146,129.9101,287.937,134.1321,295.1231,0,0,0,0,0,0,0.303397
61,1|C147,113.1461,278.0819,117.3681,285.268,0,0,0,0,0,0,0.303397
62,1|C148,118.2261,278.0819,122.4481,285.268,0,0,0,0,0,0,0.303397
63,1|C149,123.8141,278.0819,128.0361,285.268,0,0,0,0,0,0,0.303397
64,1|C15,5.795725,282.9293,8.962725,285.3627,0,0,0,0,0,0,0.077066
65,1|C150,129.9101,278.0819,134.1321,285.268,0,0,0,0,0,0,0.303397
66,1|C151,110.699,271.969,117.8851,276.191,0,0,0,0,0,0,0.303397
67,1|C152,119.792,271.969,126.9781,276.191,0,0,0,0,0,0,0.303397
68,1|C153,129.393,271.969,136.5791,276.191,0,0,0,0,0,0,0.303397
69,1|C154,113.6636,261.831,116.8506,267.787,0,0,0,0,0,0,0.189818
70,1|C155,117.6766,262.085,120.8636,268.041,0,0,0,0,0,0,0.189818
71,1|C156,122.1976,262.339,125.3846,268.295,0,0,0,0,0,0,0.189818
72,1|C157,127.2276,262.593,130.4146,268.549,0,0,0,0,0,0,0.189818
73,1|C158,113.6636,254.008,116.8506,259.964,0,0,0,0,0,0,0.189818
74,1|C159,117.6766,254.008,120.8636,259.964,0,0,0,0,0,0,0.189818
75,1|C16,10.29071,282.9293,13.45771,285.3627,0,0,0,0,0,0,0.077066
76,1|C160,122.1976,254.008,125.3846,259.964,0,0,0,0,0,0,0.189818
77,1|C161,127.2276,254.008,130.4146,259.964,0,0,0,0,0,0,0.189818
78,1|C162,110.984,248.9665,116.9401,252.1535,0,0,0,0,0,0,0.189821
79,1|C163,118.807,248.9665,124.7631,252.1535,0,0,0,0,0,0,0.189821
80,1|C164,127.138,248.9665,133.0941,252.1535,0,0,0,0,0,0,0.189821
81,1|C165,113.8071,241.4675,116.7071,244.8185,0,0,0,0,0,0,0.097179
82,1|C166,117.3121,241.7215,120.2121,245.0725,0,0,0,0,0,0,0.097179
83,1|C167,121.3251,241.9755,124.2251,245.3265,0,0,0,0,0,0,0.097179
84,1|C168,125.8471,242.2295,128.7471,245.5805,0,0,0,0,0,0,0.097179
85,1|C169,113.8071,236.2355,116.7071,239.5865,0,0,0,0,0,0,0.097179
86,1|C17,14.91373,282.9293,18.08073,285.3627,0,0,0,0,0,0,0.077066
87,1|C170,117.3121,236.2355,120.2121,239.5865,0,0,0,0,0,0,0.097179
88,1|C171,121.3251,236.2355,124.2251,239.5865,0,0,0,0,0,0,0.097179
89,1|C172,125.8471,236.2355,128.7471,239.5865,0,0,0,0,0,0,0.097179
90,1|C173,114.1156,231.584,117.4666,234.484,0,0,0,0,0,0,0.097179
91,1|C174,119.3476,231.584,122.6986,234.484,0,0,0,0,0,0,0.097179
92,1|C175,125.0876,231.584,128.4386,234.484,0,0,0,0,0,0,0.097179
93,1|C176,114.3486,224.3586,116.1656,227.6874,0,0,0,0,0,0,0.060484
94,1|C177,116.6346,224.6126,118.4516,227.9413,0,0,0,0,0,0,0.060482
95,1|C178,119.4286,224.8666,121.2456,228.1954,0,0,0,0,0,0,0.060484
96,1|C179,122.7306,225.1206,124.5476,228.4494,0,0,0,0,0,0,0.060484
97,1|C18,19.79071,282.9293,22.95771,285.3627,0,0,0,0,0,0,0.077066
98,1|C180,114.3486,219.4316,116.1656,222.7604,0,0,0,0,0,0,0.060484
99,1|C181,116.6346,219.4316,118.4516,222.7604,0,0,0,0,0,0,0.060484
100,1|C182,119.4286,219.4316,121.2456,222.7604,0,0,0,0,0,0,0.060484
101,1|C183,122.7306,219.4316,124.5476,222.7604,0,0,0,0,0,0,0.060484
102,1|C184,112.6017,216.0725,115.9304,217.8895,0,0,0,0,0,0,0.060482
103,1|C185,117.5297,216.0725,120.8584,217.8895,0,0,0,0,0,0,0.060482
104,1|C186,122.9657,216.0725,126.2944,217.8895,0,0,0,0,0,0,0.060482
105,1|C187,164.1086,271.1625,171.3516,277.6635,0,0,0,0,0,0,0.470867
106,1|C188,174.5736,271.1625,181.8166,277.6635,0,0,0,0,0,0,0.470867
107,1|C189,163.9126,240.9055,171.1556,247.4065,0,0,0,0,0,0,0.470867
108,1|C19,24.92173,282.9293,28.08873,285.3627,0,0,0,0,0,0,0.077066
109,1|C190,174.3776,240.9055,181.6206,247.4065,0,0,0,0,0,0,0.470867
110,1|C191,170.9595,201.2054,171.6766,202.6884,0,0,0,0,0,0,0.010635
111,1|C192,174.0765,190.5964,175.5595,191.3136,0,0,0,0,0,0,0.010636
112,1|C193,180.0846,205.0884,181.5676,205.8056,0,0,0,0,0,0,0.010636
113,1|C194,184.4675,194.2136,185.1846,195.6966,0,0,0,0,0,0,0.010635
114,1|C195,32.67098,242.6731,32.96113,243.2731,0,0,0,0,0,0,0.001741
115,1|C196,32.67098,244.8061,32.96113,245.4061,0,0,0,0,0,0,0.001741
116,1|C197,32.67098,246.6861,32.96113,247.2861,0,0,0,0,0,0,0.001741
117,1|C198,32.67098,248.3111,32.96113,248.9111,0,0,0,0,0,0,0.001741
118,1|C199,32.67098,249.8101,32.96113,250.4101,0,0,0,0,0,0,0.001741
119,1|C2,7.974395,291.3517,10.40773,294.5187,0,0,0,0,0,0,0.077064
120,1|C20,5.43848,275.3524,6.80564,278.2354,0,0,0,0,0,0,0.039415
121,1|C200,34.03899,242.4459,34.63899,242.7361,0,0,0,0,0,0,0.001741
122,1|C201,34.03899,244.3759,34.63899,244.6661,0,0,0,0,0,0,0.001741
123,1|C202,34.03899,246.0519,34.63899,246.3421,0,0,0,0,0,0,0.001741
124,1|C203,34.03899,247.4749,34.63899,247.7651,0,0,0,0,0,0,0.001741
125,1|C204,34.03899,248.6429,34.63899,248.9331,0,0,0,0,0,0,0.001741
126,1|C205,34.03899,249.5579,34.63899,249.8481,0,0,0,0,0,0,0.001741
127,1|C206,34.03899,250.3449,34.63899,250.6351,0,0,0,0,0,0,0.001741
128,1|C207,36.93398,242.4459,37.53398,242.7361,0,0,0,0,0,0,0.001741
129,1|C208,36.67999,244.3759,37.27998,244.6661,0,0,0,0,0,0,0.001741
130,1|C209,36.42598,246.0519,37.02598,246.3421,0,0,0,0,0,0,0.001741
131,1|C21,7.59748,275.4794,8.96464,278.3624,0,0,0,0,0,0,0.039415
132,1|C210,36.17199,247.4749,36.77199,247.7651,0,0,0,0,0,0,0.001741
133,1|C211,35.91799,248.6429,36.51798,248.9331,0,0,0,0,0,0,0.001741
134,1|C212,35.66399,249.5579,36.26399,249.8481,0,0,0,0,0,0,0.001741
135,1|C213,35.537,250.3449,36.137,250.6351,0,0,0,0,0,0,0.001741
136,1|C214,36.85403,258.353,37.06611,258.695,0,0,0,0,0,0,0.000725
137,1|C215,36.85403,260.1049,37.06611,260.4469,0,0,0,0,0,0,0.000725
138,1|C216,36.85403,261.604,37.06611,261.946,0,0,0,0,0,0,0.000725
139,1|C217,36.85403,262.848,37.06611,263.19,0,0,0,0,0,0,0.000725
140,1|C218,36.85403,263.966,37.06611,264.308,0,0,0,0,0,0,0.000725
141,1|C219,38.05811,257.658,38.40011,257.8701,0,0,0,0,0,0,0.000725
142,1|C22,9.88349,275.8604,11.25065,278.7434,0,0,0,0,0,0,0.039415
143,1|C220,38.05811,259.4609,38.40011,259.673,0,0,0,0,0,0,0.000725
144,1|C221,38.05811,261.01,38.40011,261.222,0,0,0,0,0,0,0.000725
145,1|C222,38.05811,262.306,38.40011,262.518,0,0,0,0,0,0,0.000725
146,1|C223,38.05811,263.347,38.40011,263.559,0,0,0,0,0,0,0.000725
147,1|C224,38.05811,264.135,38.40011,264.347,0,0,0,0,0,0,0.000725
148,1|C225,38.05811,264.795,38.40011,265.007,0,0,0,0,0,0,0.000725
149,1|C226,40.57311,257.658,40.91511,257.8701,0,0,0,0,0,0,0.000725
150,1|C227,40.31911,259.4609,40.66111,259.673,0,0,0,0,0,0,0.000725
151,1|C228,40.06511,261.01,40.40711,261.222,0,0,0,0,0,0,0.000725
152,1|C229,39.8111,262.306,40.1531,262.518,0,0,0,0,0,0,0.000725
153,1|C23,12.42347,276.1144,13.79063,278.9974,0,0,0,0,0,0,0.039415
154,1|C230,39.5571,263.347,39.8991,263.559,0,0,0,0,0,0,0.000725
155,1|C231,39.3031,264.135,39.6451,264.347,0,0,0,0,0,0,0.000725
156,1|C232,39.1761,264.795,39.5181,265.007,0,0,0,0,0,0,0.000725
157,1|C24,15.21747,276.3684,16.58463,279.2514,0,0,0,0,0,0,0.039415
158,1|C25,18.26548,276.6224,19.63264,279.5054,0,0,0,0,0,0,0.039415
159,1|C26,21.56748,276.7494,22.93464,279.6324,0,0,0,0,0,0,0.039415
160,1|C27,5.43848,270.8564,6.80564,273.7394,0,0,0,0,0,0,0.039415
161,1|C28,7.59748,270.8564,8.96464,273.7394,0,0,0,0,0,0,0.039415
162,1|C29,9.88349,270.8564,11.25065,273.7394,0,0,0,0,0,0,0.039415
163,1|C3,11.17539,291.6057,13.60872,294.7727,0,0,0,0,0,0,0.077064
164,1|C30,12.42348,270.8564,13.79064,273.7394,0,0,0,0,0,0,0.039415
165,1|C31,15.21747,270.8564,16.58463,273.7394,0,0,0,0,0,0,0.039415
166,1|C32,18.26548,270.8564,19.63264,273.7394,0,0,0,0,0,0,0.039415
167,1|C33,21.56748,270.8564,22.93464,273.7394,0,0,0,0,0,0,0.039415
168,1|C34,5.74747,267.9144,8.63047,269.2816,0,0,0,0,0,0,0.039416
169,1|C35,10.19248,267.9144,13.07548,269.2816,0,0,0,0,0,0,0.039416
170,1|C36,14.81548,267.9144,17.69848,269.2816,0,0,0,0,0,0,0.039416
171,1|C37,19.69148,267.9144,22.57448,269.2816,0,0,0,0,0,0,0.039416
172,1|C38,5.58848,261.3824,6.65564,263.2494,0,0,0,0,0,0,0.019924
173,1|C39,7.44249,261.5094,8.50965,263.3764,0,0,0,0,0,0,0.019924
174,1|C4,14.6294,291.8597,17.06273,295.0267,0,0,0,0,0,0,0.077064
175,1|C40,9.42349,261.7634,10.49065,263.6304,0,0,0,0,0,0,0.019924
176,1|C41,11.65948,262.0174,12.72664,263.8844,0,0,0,0,0,0,0.019924
177,1|C42,14.14848,262.2714,15.21564,264.1384,0,0,0,0,0,0,0.019924
178,1|C43,16.89148,262.5254,17.95864,264.3924,0,0,0,0,0,0,0.019924
179,1|C44,19.88849,262.7794,20.95565,264.6464,0,0,0,0,0,0,0.019924
180,1|C45,5.58848,258.1054,6.65564,259.9724,0,0,0,0,0,0,0.019924
181,1|C46,7.44249,258.1054,8.50965,259.9724,0,0,0,0,0,0,0.019924
182,1|C47,9.42349,258.1054,10.49065,259.9724,0,0,0,0,0,0,0.019924
183,1|C48,11.65948,258.1054,12.72664,259.9724,0,0,0,0,0,0,0.019924
184,1|C49,14.14848,258.1054,15.21564,259.9724,0,0,0,0,0,0,0.019924
185,1|C5,18.33841,292.1137,20.77174,295.2807,0,0,0,0,0,0,0.077064
186,1|C50,16.89148,258.1054,17.95864,259.9724,0,0,0,0,0,0,0.019924
187,1|C51,19.88849,258.1054,20.95565,259.9724,0,0,0,0,0,0,0.019924
188,1|C52,5.21348,255.5674,7.08048,256.6346,0,0,0,0,0,0,0.019925
189,1|C53,8.43949,255.5674,10.30649,256.6346,0,0,0,0,0,0,0.019925
190,1|C54,11.84348,255.5674,13.71048,256.6346,0,0,0,0,0,0,0.019925
191,1|C55,15.50048,255.5674,17.36748,256.6346,0,0,0,0,0,0,0.019925
192,1|C56,19.41248,255.5674,21.27948,256.6346,0,0,0,0,0,0,0.019925
193,1|C57,5.77149,249.5686,6.48863,251.0516,0,0,0,0,0,0,0.010635
194,1|C58,7.1685,249.6956,7.88564,251.1786,0,0,0,0,0,0,0.010635
195,1|C59,8.6925,249.9496,9.40964,251.4326,0,0,0,0,0,0,0.010635
196,1|C6,22.30039,292.3677,24.73372,295.5347,0,0,0,0,0,0,0.077064
197,1|C60,10.4705,250.2036,11.18764,251.6866,0,0,0,0,0,0,0.010635
198,1|C61,12.5025,250.4576,13.21964,251.9406,0,0,0,0,0,0,0.010635
199,1|C62,14.78849,250.7116,15.50563,252.1946,0,0,0,0,0,0,0.010635
200,1|C63,17.32848,250.9656,18.04562,252.4486,0,0,0,0,0,0,0.010635
201,1|C64,5.77149,246.9526,6.48863,248.4356,0,0,0,0,0,0,0.010635
202,1|C65,7.1685,246.9526,7.88564,248.4356,0,0,0,0,0,0,0.010635
203,1|C66,8.6925,246.9526,9.40964,248.4356,0,0,0,0,0,0,0.010635
204,1|C67,10.4705,246.9526,11.18764,248.4356,0,0,0,0,0,0,0.010635
205,1|C68,12.5025,246.9526,13.21964,248.4356,0,0,0,0,0,0,0.010635
206,1|C69,14.78849,246.9526,15.50563,248.4356,0,0,0,0,0,0,0.010635
207,1|C7,26.51638,292.6217,28.94971,295.7887,0,0,0,0,0,0,0.077064
208,1|C70,17.32848,246.9526,18.04562,248.4356,0,0,0,0,0,0,0.010635
209,1|C71,5.36364,244.9394,6.84664,245.6566,0,0,0,0,0,0,0.010636
210,1|C72,7.97964,244.9394,9.46264,245.6566,0,0,0,0,0,0,0.010636
211,1|C73,10.72263,244.9134,12.20563,245.6306,0,0,0,0,0,0,0.010636
212,1|C74,13.71963,244.9394,15.20263,245.6566,0,0,0,0,0,0,0.010636
213,1|C75,16.97163,244.9394,18.45463,245.6566,0,0,0,0,0,0,0.010636
214,1|C76,5.872055,239.8615,6.380065,240.7865,0,0,0,0,0,0,0.004699
215,1|C77,6.913055,239.9875,7.421065,240.9125,0,0,0,0,0,0,0.004699
216,1|C78,8.082065,240.2415,8.590075,241.1665,0,0,0,0,0,0,0.004699
217,1|C79,9.504065,240.4955,10.01207,241.4205,0,0,0,0,0,0,0.004699
218,1|C8,4.901395,286.7287,7.334725,289.8957,0,0,0,0,0,0,0.077064
219,1|C80,11.18106,240.7495,11.68907,241.6745,0,0,0,0,0,0,0.004699
220,1|C81,13.11105,241.0035,13.61906,241.9285,0,0,0,0,0,0,0.004699
221,1|C82,15.29507,241.2575,15.80308,242.1825,0,0,0,0,0,0,0.004699
222,1|C83,5.872055,237.9055,6.380065,238.8305,0,0,0,0,0,0,0.004699
223,1|C84,6.913055,237.9055,7.421065,238.8305,0,0,0,0,0,0,0.004699
224,1|C85,8.082065,237.9055,8.590075,238.8305,0,0,0,0,0,0,0.004699
225,1|C86,9.504065,237.9055,10.01207,238.8305,0,0,0,0,0,0,0.004699
226,1|C87,11.18106,237.9055,11.68907,238.8305,0,0,0,0,0,0,0.004699
227,1|C88,13.11105,237.9055,13.61906,238.8305,0,0,0,0,0,0,0.004699
228,1|C89,15.29507,237.9055,15.80308,238.8305,0,0,0,0,0,0,0.004699
229,1|C9,7.974395,286.7287,10.40773,289.8957,0,0,0,0,0,0,0.077064
230,1|C90,5.892575,236.234,6.817575,236.742,0,0,0,0,0,0,0.004699
231,1|C91,7.847575,236.234,8.772575,236.742,0,0,0,0,0,0,0.004699
232,1|C92,9.930565,236.234,10.85556,236.742,0,0,0,0,0,0,0.004699
233,1|C93,12.26757,236.234,13.19258,236.742,0,0,0,0,0,0,0.004699
234,1|C94,14.85856,236.234,15.78356,236.742,0,0,0,0,0,0,0.004699
235,1|C95,5.980985,231.3609,6.271135,231.9609,0,0,0,0,0,0,0.001741
236,1|C96,6.767995,231.4879,7.058145,232.0879,0,0,0,0,0,0,0.001741
237,1|C97,7.682985,231.7419,7.973135,232.3419,0,0,0,0,0,0,0.001741
238,1|C98,8.850985,231.9959,9.141135,232.5959,0,0,0,0,0,0,0.001741
239,1|C99,10.27399,232.2499,10.56414,232.8499,0,0,0,0,0,0,0.001741
240,1|CN1,143.8841,206.375,145.5581,209.603,0,0,0,0,0,0,0.054037
241,1|CN10,147.9841,199.634,151.2121,201.308,0,0,0,0,0,0,0.054037
242,1|CN11,151.9971,199.634,155.2251,201.308,0,0,0,0,0,0,0.054037
243,1|CN2,147.0081,206.629,148.6821,209.857,0,0,0,0,0,0,0.054037
244,1|CN3,150.2591,206.883,151.9331,210.111,0,0,0,0,0,0,0.054037
245,1|CN4,153.7651,207.137,155.4391,210.365,0,0,0,0,0,0,0.054037
246,1|CN5,143.8841,202.489,145.5581,205.717,0,0,0,0,0,0,0.054037
247,1|CN6,147.0081,202.489,148.6821,205.717,0,0,0,0,0,0,0.054037
248,1|CN7,150.2591,202.489,151.9331,205.717,0,0,0,0,0,0,0.054037
249,1|CN8,153.7651,202.489,155.4391,205.717,0,0,0,0,0,0,0.054037
250,1|CN9,144.0981,199.634,147.3261,201.308,0,0,0,0,0,0,0.054037
251,1|D1,72.31157,184.1627,75.65257,188.9913,0,0,0,0,0,0,0.161324
252,1|D10,78.70477,171.4445,83.53334,174.7855,0,0,0,0,0,0,0.161323
253,1|D100,101.1222,174.295,103.2859,176.295,0,0,0,0,0,0,0.043274
254,1|D101,93.70523,171.602,95.86891,173.602,0,0,0,0,0,0,0.043274
255,1|D102,96.44322,171.002,98.6069,173.002,0,0,0,0,0,0,0.043274
256,1|D103,101.1222,171.602,103.2859,173.602,0,0,0,0,0,0,0.043274
257,1|D104,93.70523,168.402,95.86891,170.402,0,0,0,0,0,0,0.043274
258,1|D105,97.16022,168.402,99.3239,170.402,0,0,0,0,0,0,0.043274
259,1|D106,101.1222,168.402,103.2859,170.402,0,0,0,0,0,0,0.043274
260,1|D107,93.61391,162.8785,96.06423,165.6935,0,0,0,0,0,0,0.068977
261,1|D108,97.5259,162.8785,99.97622,165.6935,0,0,0,0,0,0,0.068977
262,1|D109,101.9449,162.8785,104.3952,165.6935,0,0,0,0,0,0,0.068976
263,1|D11,86.37577,171.4445,91.20434,174.7855,0,0,0,0,0,0,0.161323
264,1|D110,93.61391,159.3735,96.06423,162.1885,0,0,0,0,0,0,0.068977
265,1|D111,96.7059,158.6935,99.15622,161.5085,0,0,0,0,0,0,0.068977
266,1|D112,101.9449,159.3735,104.3952,162.1885,0,0,0,0,0,0,0.068976
267,1|D113,93.61391,155.3595,96.06423,158.1745,0,0,0,0,0,0,0.068977
268,1|D114,97.5259,155.3595,99.97622,158.1745,0,0,0,0,0,0,0.068977
269,1|D115,101.9449,155.3595,104.3952,158.1745,0,0,0,0,0,0,0.068976
270,1|D12,72.69807,162.8882,75.26607,167.3898,0,0,0,0,0,0,0.115601
271,1|D13,76.00006,163.1422,78.56806,167.6438,0,0,0,0,0,0,0.115601
272,1|D14,79.81006,163.3972,82.37806,167.8988,0,0,0,0,0,0,0.115601
273,1|D15,84.12807,163.6502,86.69607,168.1518,0,0,0,0,0,0,0.115601
274,1|D16,72.69807,156.8942,75.26607,161.3958,0,0,0,0,0,0,0.115601
275,1|D17,76.00006,156.8942,78.56806,161.3958,0,0,0,0,0,0,0.115601
276,1|D18,79.81006,156.8942,82.37806,161.3958,0,0,0,0,0,0,0.115601
277,1|D19,84.12807,156.8942,86.69607,161.3958,0,0,0,0,0,0,0.115601
278,1|D2,76.73156,184.4167,80.07256,189.2453,0,0,0,0,0,0,0.161324
279,1|D20,71.19826,152.705,75.69986,155.273,0,0,0,0,0,0,0.115601
280,1|D21,77.19226,152.705,81.69386,155.273,0,0,0,0,0,0,0.115601
281,1|D22,83.69426,152.705,88.19586,155.273,0,0,0,0,0,0,0.115601
282,1|D23,93.18599,263.9939,95.67215,268.7741,0,0,0,0,0,0,0.118843
283,1|D24,96.38597,264.2479,98.87213,269.0281,0,0,0,0,0,0,0.118843
284,1|D25,100.095,264.5019,102.5812,269.2821,0,0,0,0,0,0,0.118845
285,1|D26,104.311,264.7559,106.7972,269.5361,0,0,0,0,0,0,0.118845
286,1|D27,93.18599,257.4919,95.67215,262.2721,0,0,0,0,0,0,0.118843
287,1|D28,96.38597,257.4919,98.87213,262.2721,0,0,0,0,0,0,0.118843
288,1|D29,100.095,257.4919,102.5812,262.2721,0,0,0,0,0,0,0.118845
289,1|D3,81.65857,184.6707,84.99957,189.4993,0,0,0,0,0,0,0.161324
290,1|D30,104.311,257.4919,106.7972,262.2721,0,0,0,0,0,0,0.118845
291,1|D31,90.84495,253.2789,95.62519,255.7651,0,0,0,0,0,0,0.118846
292,1|D32,97.34795,253.2789,102.1282,255.7651,0,0,0,0,0,0,0.118847
293,1|D33,104.3579,253.2789,109.1382,255.7651,0,0,0,0,0,0,0.118848
294,1|D34,93.80404,245.9667,95.05407,249.4134,0,0,0,0,0,0,0.043085
295,1|D35,96.14104,246.2207,97.39107,249.6674,0,0,0,0,0,0,0.043085
296,1|D36,98.98604,246.4747,100.2361,249.9214,0,0,0,0,0,0,0.043086
297,1|D37,102.338,246.7287,103.5881,250.1754,0,0,0,0,0,0,0.043087
298,1|D38,93.80404,240.9367,95.05407,244.3834,0,0,0,0,0,0,0.043085
299,1|D39,96.14104,240.9367,97.39107,244.3834,0,0,0,0,0,0,0.043085
300,1|D4,87.09456,184.9247,90.43556,189.7533,0,0,0,0,0,0,0.161324
301,1|D40,98.98604,240.9367,100.2361,244.3834,0,0,0,0,0,0,0.043086
302,1|D41,102.338,240.9367,103.5881,244.3834,0,0,0,0,0,0,0.043087
303,1|D42,91.68978,237.844,95.13644,239.094,0,0,0,0,0,0,0.043083
304,1|D43,96.71878,237.844,100.1654,239.094,0,0,0,0,0,0,0.043083
305,1|D44,102.2558,237.844,105.7024,239.094,0,0,0,0,0,0,0.043083
306,1|D45,93.82905,231.7993,95.02909,233.8627,0,0,0,0,0,0,0.024762
307,1|D46,95.91204,232.0533,97.11208,234.1167,0,0,0,0,0,0,0.024762
308,1|D47,98.50303,232.3073,99.70307,234.3707,0,0,0,0,0,0,0.024762
309,1|D48,101.601,232.5613,102.8011,234.6247,0,0,0,0,0,0,0.024763
310,1|D49,93.82905,228.3443,95.02909,230.4077,0,0,0,0,0,0,0.024762
311,1|D5,72.31157,176.9997,75.65257,181.8283,0,0,0,0,0,0,0.161324
312,1|D50,95.91204,228.3443,97.11208,230.4077,0,0,0,0,0,0,0.024762
313,1|D51,98.50304,228.3443,99.70308,230.4077,0,0,0,0,0,0,0.024762
314,1|D52,101.601,228.3443,102.8011,230.4077,0,0,0,0,0,0,0.024763
315,1|D53,93.5754,225.499,95.63875,226.699,0,0,0,0,0,0,0.02476
316,1|D54,97.02938,225.499,99.09274,226.699,0,0,0,0,0,0,0.02476
317,1|D55,100.9924,225.499,103.0557,226.699,0,0,0,0,0,0,0.02476
318,1|D56,93.69555,218.0368,95.16255,221.7672,0,0,0,0,0,0,0.054725
319,1|D57,95.87955,218.2908,97.34655,222.0212,0,0,0,0,0,0,0.054725
320,1|D58,98.57255,218.5448,100.0396,222.2752,0,0,0,0,0,0,0.054727
321,1|D59,101.7726,218.7988,103.2396,222.5292,0,0,0,0,0,0,0.054725
322,1|D6,76.73156,176.9997,80.07256,181.8283,0,0,0,0,0,0,0.161324
323,1|D60,93.69555,213.1598,95.16255,216.8902,0,0,0,0,0,0,0.054725
324,1|D61,95.87955,213.1598,97.34655,216.8902,0,0,0,0,0,0,0.054725
325,1|D62,98.57255,213.1598,100.0396,216.8902,0,0,0,0,0,0,0.054727
326,1|D63,101.7726,213.1598,103.2396,216.8902,0,0,0,0,0,0,0.054725
327,1|D64,91.47189,210.2525,95.20224,211.7195,0,0,0,0,0,0,0.054724
328,1|D65,96.34889,210.2525,100.0792,211.7195,0,0,0,0,0,0,0.054724
329,1|D66,101.7329,210.2525,105.4632,211.7195,0,0,0,0,0,0,0.054724
330,1|D67,93.87056,203.9278,94.98756,206.6662,0,0,0,0,0,0,0.030588
331,1|D68,95.75056,204.1818,96.86756,206.9202,0,0,0,0,0,0,0.030588
332,1|D69,98.13756,204.4358,99.25456,207.1742,0,0,0,0,0,0,0.030588
333,1|D7,81.65857,176.9997,84.99957,181.8283,0,0,0,0,0,0,0.161324
334,1|D70,101.0336,204.6898,102.1506,207.4282,0,0,0,0,0,0,0.030588
335,1|D71,93.87056,200.3208,94.98756,203.0592,0,0,0,0,0,0,0.030588
336,1|D72,95.75056,200.3208,96.86756,203.0592,0,0,0,0,0,0,0.030588
337,1|D73,98.13756,200.3208,99.25456,203.0592,0,0,0,0,0,0,0.030588
338,1|D74,101.0336,200.3208,102.1506,203.0592,0,0,0,0,0,0,0.030588
339,1|D75,92.78089,197.8805,95.51924,198.9975,0,0,0,0,0,0,0.030587
340,1|D76,96.38688,197.8805,99.12523,198.9975,0,0,0,0,0,0,0.030587
341,1|D77,100.5019,197.8805,103.2402,198.9975,0,0,0,0,0,0,0.030587
342,1|D78,94.10405,192.5813,94.75405,194.1867,0,0,0,0,0,0,0.010435
343,1|D79,95.47606,192.8353,96.12606,194.4407,0,0,0,0,0,0,0.010435
344,1|D8,87.09456,176.9997,90.43556,181.8283,0,0,0,0,0,0,0.161324
345,1|D80,97.35505,193.0893,98.00505,194.6947,0,0,0,0,0,0,0.010435
346,1|D81,99.74305,193.3433,100.3931,194.9487,0,0,0,0,0,0,0.010436
347,1|D82,94.10405,189.9903,94.75405,191.5957,0,0,0,0,0,0,0.010435
348,1|D83,95.47606,189.9903,96.12606,191.5957,0,0,0,0,0,0,0.010435
349,1|D84,97.35505,189.9903,98.00505,191.5957,0,0,0,0,0,0,0.010435
350,1|D85,99.74305,189.9903,100.3931,191.5957,0,0,0,0,0,0,0.010436
351,1|D86,93.60139,187.979,95.20674,188.629,0,0,0,0,0,0,0.010435
352,1|D87,96.19139,187.979,97.79673,188.629,0,0,0,0,0,0,0.010435
353,1|D88,99.2904,187.979,100.8957,188.629,0,0,0,0,0,0,0.010434
354,1|D89,93.87206,183.9405,95.59406,185.4575,0,0,0,0,0,0,0.026123
355,1|D9,71.54277,171.4445,76.37134,174.7855,0,0,0,0,0,0,0.161323
356,1|D90,96.91907,183.9405,98.64107,185.4575,0,0,0,0,0,0,0.026123
357,1|D91,100.4751,183.9405,102.1971,185.4575,0,0,0,0,0,0,0.026123
358,1|D92,93.87206,181.7055,95.59406,183.2225,0,0,0,0,0,0,0.026123
359,1|D93,96.31306,181.2455,98.03506,182.7625,0,0,0,0,0,0,0.026123
360,1|D94,100.4751,181.7055,102.1971,183.2225,0,0,0,0,0,0,0.026123
361,1|D95,93.87206,178.9875,95.59406,180.5045,0,0,0,0,0,0,0.026123
362,1|D96,96.91907,178.9625,98.64107,180.4795,0,0,0,0,0,0,0.026123
363,1|D97,100.4751,178.9625,102.1971,180.4795,0,0,0,0,0,0,0.026123
364,1|D98,93.70523,174.295,95.86891,176.295,0,0,0,0,0,0,0.043274
365,1|D99,97.16022,174.295,99.3239,176.295,0,0,0,0,0,0,0.043274
366,1|IC1,57.26419,221.618,63.32395,226.392,0,0,0,0,0,0,0.289293
367,1|IC10,57.99784,154.7885,63.80429,158.5235,0,0,0,0,0,0,0.216871
368,1|IC11,141.7002,286.6095,147.7419,291.3705,0,0,0,0,0,0,0.287645
369,1|IC12,150.1332,286.6095,156.1749,291.3705,0,0,0,0,0,0,0.287645
370,1|IC13,141.7002,278.9895,147.7419,283.7505,0,0,0,0,0,0,0.287645
371,1|IC14,150.1332,278.9895,156.1749,283.7505,0,0,0,0,0,0,0.287645
372,1|IC15,141.6239,266.2735,147.8182,276.1465,0,0,0,0,0,0,0.611563
373,1|IC16,150.0569,266.2735,156.2512,276.1465,0,0,0,0,0,0,0.611563
374,1|IC17,141.6239,253.5735,147.8182,263.4465,0,0,0,0,0,0,0.611563
375,1|IC18,150.0569,253.5735,156.2512,263.4465,0,0,0,0,0,0,0.611563
376,1|IC19,140.5476,243.532,148.0826,250.628,0,0,0,0,0,0,0.534684
377,1|IC2,58.47818,214.428,64.53794,219.202,0,0,0,0,0,0,0.289293
378,1|IC20,149.7926,243.532,157.3276,250.628,0,0,0,0,0,0,0.534684
379,1|IC21,140.5476,233.372,148.0826,240.468,0,0,0,0,0,0,0.534684
380,1|IC22,149.7926,233.372,157.3276,240.468,0,0,0,0,0,0,0.534684
381,1|IC23,141.8226,224.0545,148.2296,230.4815,0,0,0,0,0,0,0.411778
382,1|IC24,149.6456,224.0545,156.0526,230.4815,0,0,0,0,0,0,0.411778
383,1|IC25,141.8226,214.9105,148.2296,221.3375,0,0,0,0,0,0,0.411778
384,1|IC26,149.6456,214.9105,156.0526,221.3375,0,0,0,0,0,0,0.411778
385,1|IC27,164.0662,287.2465,171.1979,290.7335,0,0,0,0,0,0,0.248682
386,1|IC28,174.5312,287.2465,181.6629,290.7335,0,0,0,0,0,0,0.248682
387,1|IC29,164.0662,280.6935,171.1979,284.1805,0,0,0,0,0,0,0.248682
388,1|IC3,59.68528,204.3586,60.59445,212.0192,0,0,0,0,0,0,0.069648
389,1|IC30,174.5312,280.6935,181.6629,284.1805,0,0,0,0,0,0,0.248682
390,1|IC31,165.8886,260.9381,169.3756,268.0699,0,0,0,0,0,0,0.248686
391,1|IC32,171.1206,260.9381,174.6076,268.0699,0,0,0,0,0,0,0.248686
392,1|IC33,176.3536,260.9381,179.8406,268.0699,0,0,0,0,0,0,0.248686
393,1|IC34,165.8886,250.4991,169.3756,257.6308,0,0,0,0,0,0,0.248682
394,1|IC35,171.1206,250.4991,174.6076,257.6308,0,0,0,0,0,0,0.248682
395,1|IC36,176.3536,250.4991,179.8406,257.6308,0,0,0,0,0,0,0.248682
396,1|IC37,185.5634,240.321,192.8807,247.641,0,0,0,0,0,0,0.535626
397,1|IC38,194.4534,240.321,201.7707,247.6409,0,0,0,0,0,0,0.535619
398,1|IC39,166.9031,221.0623,182.839,236.4197,0,0,0,0,0,0,2.44734
399,1|IC4,56.97287,197.9852,64.6335,198.8944,0,0,0,0,0,0,0.06965
400,1|IC40,186.6234,220.773,201.9808,236.7089,0,0,0,0,0,0,2.44734
401,1|IC41,167.2621,207.7326,175.6221,216.7294,0,0,0,0,0,0,0.752132
402,1|IC42,179.0087,208.051,188.0055,216.411,0,0,0,0,0,0,0.752132
403,1|IC43,192.4315,208.0916,201.2527,216.3704,0,0,0,0,0,0,0.73029
404,1|IC44,171.7463,198.0692,183.8378,198.4528,0,0,0,0,0,0,0.046383
405,1|IC45,188.9991,199.318,191.9851,202.284,0,0,0,0,0,0,0.088565
406,1|IC46,189.0091,192.958,191.9751,195.944,0,0,0,0,0,0,0.088565
407,1|IC5,58.04502,188.5231,62.81902,194.5829,0,0,0,0,0,0,0.289295
408,1|IC6,58.9831,179.6891,63.7571,185.7489,0,0,0,0,0,0,0.289295
409,1|IC7,52.92972,157.0926,54.3944,163.8394,0,0,0,0,0,0,0.098819
410,1|IC8,57.99784,169.3935,63.80429,173.1285,0,0,0,0,0,0,0.216871
411,1|IC9,59.03352,161.3728,62.7686,167.1792,0,0,0,0,0,0,0.216874
412,1|L1,37.71016,153.3634,38.06937,170.143,0,0,0,0,0,0,0.060274
413,1|L10,72.99805,284.8015,76.41406,287.2345,0,0,0,0,0,0,0.083112
414,1|L11,77.62107,284.8015,81.03708,287.2345,0,0,0,0,0,0,0.083112
415,1|L12,82.75206,284.8015,86.16807,287.2345,0,0,0,0,0,0,0.083112
416,1|L13,73.27355,277.762,74.6986,280.762,0,0,0,0,0,0,0.042752
417,1|L14,75.71155,278.016,77.1366,281.016,0,0,0,0,0,0,0.042752
418,1|L15,78.65854,278.27,80.08359,281.27,0,0,0,0,0,0,0.042752
419,1|L16,82.11255,278.524,83.5376,281.524,0,0,0,0,0,0,0.042752
420,1|L17,73.27355,273.063,74.6986,276.063,0,0,0,0,0,0,0.042752
421,1|L18,75.71155,273.063,77.1366,276.063,0,0,0,0,0,0,0.042752
422,1|L19,78.65854,273.063,80.08359,276.063,0,0,0,0,0,0,0.042752
423,1|L2,72.76557,293.378,75.19857,296.794,0,0,0,0,0,0,0.083111
424,1|L20,82.11255,273.063,83.5376,276.063,0,0,0,0,0,0,0.042752
425,1|L21,71.94904,269.7315,74.94904,271.1565,0,0,0,0,0,0,0.04275
426,1|L22,76.64805,269.7315,79.64805,271.1565,0,0,0,0,0,0,0.04275
427,1|L23,81.85505,269.7315,84.85505,271.1565,0,0,0,0,0,0,0.04275
428,1|L24,73.35706,263.6985,74.59909,265.6655,0,0,0,0,0,0,0.024431
429,1|L25,75.08405,263.9525,76.32608,265.9195,0,0,0,0,0,0,0.024431
430,1|L26,77.31904,264.2065,78.56107,266.1735,0,0,0,0,0,0,0.024431
431,1|L27,80.06304,264.4605,81.30507,266.4275,0,0,0,0,0,0,0.024431
432,1|L28,73.35706,260.1935,74.59909,262.1605,0,0,0,0,0,0,0.024431
433,1|L29,75.08405,260.1935,76.32608,262.1605,0,0,0,0,0,0,0.024431
434,1|L3,75.99156,293.632,78.42456,297.048,0,0,0,0,0,0,0.083111
435,1|L30,77.31904,260.1935,78.56107,262.1605,0,0,0,0,0,0,0.024431
436,1|L31,80.06304,260.1935,81.30507,262.1605,0,0,0,0,0,0,0.024431
437,1|L32,72.59258,257.436,74.55958,258.678,0,0,0,0,0,0,0.02443
438,1|L33,76.09757,257.436,78.06458,258.678,0,0,0,0,0,0,0.02443
439,1|L34,80.11058,257.436,82.07758,258.678,0,0,0,0,0,0,0.02443
440,1|L35,73.60292,252.2782,74.35292,253.8282,0,0,0,0,0,0,0.011625
441,1|L36,75.07592,252.5322,75.82592,254.0822,0,0,0,0,0,0,0.011625
442,1|L37,77.05691,252.7862,77.80691,254.3362,0,0,0,0,0,0,0.011625
443,1|L38,79.54692,253.0402,80.29692,254.5902,0,0,0,0,0,0,0.011625
444,1|L39,73.60292,249.5862,74.35292,251.1362,0,0,0,0,0,0,0.011625
445,1|L4,79.72557,293.886,82.15857,297.302,0,0,0,0,0,0,0.083111
446,1|L40,75.07592,249.5862,75.82592,251.1362,0,0,0,0,0,0,0.011625
447,1|L41,77.05691,249.5862,77.80691,251.1362,0,0,0,0,0,0,0.011625
448,1|L43,73.23623,247.3952,74.78623,248.1452,0,0,0,0,0,0,0.011625
449,1|L44,75.92924,247.3952,77.47924,248.1452,0,0,0,0,0,0,0.011625
450,1|L45,79.12923,247.3952,80.67923,248.1452,0,0,0,0,0,0,0.011625
451,1|L5,83.96657,294.14,86.39957,297.556,0,0,0,0,0,0,0.083111
452,1|L52,79.54692,249.5862,80.29692,251.1362,0,0,0,0,0,0,0.011625
453,1|L6,72.76557,288.755,75.19857,292.171,0,0,0,0,0,0,0.083111
454,1|L7,75.99156,288.755,78.42456,292.171,0,0,0,0,0,0,0.083111
455,1|L8,79.72557,288.755,82.15857,292.171,0,0,0,0,0,0,0.083111
456,1|L9,83.96657,288.755,86.39957,292.171,0,0,0,0,0,0,0.083111
457,1|LED1,72.54457,239.9202,75.41957,243.2658,0,0,0,0,0,0,0.096186
458,1|LED10,77.99927,230.1485,81.34483,233.0235,0,0,0,0,0,0,0.096185
459,1|LED11,83.73929,230.1485,87.08485,233.0235,0,0,0,0,0,0,0.096185
460,1|LED12,73.16539,223.2006,74.74874,226.3053,0,0,0,0,0,0,0.049158
461,1|LED13,75.4004,223.4546,76.98375,226.5593,0,0,0,0,0,0,0.049158
462,1|LED14,78.14337,223.7086,79.72672,226.8133,0,0,0,0,0,0,0.049158
463,1|LED15,81.39439,223.9626,82.97774,227.0673,0,0,0,0,0,0,0.049158
464,1|LED16,73.16538,218.5786,74.74873,221.6833,0,0,0,0,0,0,0.049158
465,1|LED17,75.40039,218.5786,76.98374,221.6833,0,0,0,0,0,0,0.049158
466,1|LED18,78.14337,218.5786,79.72672,221.6833,0,0,0,0,0,0,0.049158
467,1|LED19,81.39438,218.5786,82.97773,221.6833,0,0,0,0,0,0,0.049158
468,1|LED2,75.99856,240.1742,78.87356,243.5198,0,0,0,0,0,0,0.096186
469,1|LED20,71.64269,215.4013,74.74737,216.9847,0,0,0,0,0,0,0.04916
470,1|LED21,76.2647,215.4013,79.36938,216.9847,0,0,0,0,0,0,0.04916
471,1|LED22,81.39569,215.4013,84.50037,216.9847,0,0,0,0,0,0,0.04916
472,1|LED23,73.34039,209.5815,74.62373,211.5285,0,0,0,0,0,0,0.024987
473,1|LED24,75.27039,209.8355,76.55373,211.7825,0,0,0,0,0,0,0.024987
474,1|LED25,77.70939,210.0895,78.99273,212.0365,0,0,0,0,0,0,0.024987
475,1|LED26,80.65538,210.3435,81.93872,212.2905,0,0,0,0,0,0,0.024987
476,1|LED27,73.34039,206.1775,74.62373,208.1245,0,0,0,0,0,0,0.024987
477,1|LED28,75.27039,206.1775,76.55373,208.1245,0,0,0,0,0,0,0.024987
478,1|LED29,77.70938,206.1775,78.99272,208.1245,0,0,0,0,0,0,0.024987
479,1|LED3,79.96157,240.4282,82.83657,243.7738,0,0,0,0,0,0,0.096186
480,1|LED30,80.65538,206.1775,81.93872,208.1245,0,0,0,0,0,0,0.024987
481,1|LED31,73.00855,203.3343,74.95555,204.6177,0,0,0,0,0,0,0.024988
482,1|LED32,76.41253,203.3343,78.35953,204.6177,0,0,0,0,0,0,0.024988
483,1|LED33,80.32353,203.3343,82.27053,204.6177,0,0,0,0,0,0,0.024988
484,1|LED34,73.55706,198.2476,74.40708,199.5443,0,0,0,0,0,0,0.011022
485,1|LED35,75.03005,198.5016,75.88007,199.7983,0,0,0,0,0,0,0.011022
486,1|LED36,77.01105,198.7556,77.86107,200.0523,0,0,0,0,0,0,0.011022
487,1|LED37,79.50106,199.0096,80.35108,200.3063,0,0,0,0,0,0,0.011022
488,1|LED38,73.55706,195.6066,74.40708,196.9033,0,0,0,0,0,0,0.011022
489,1|LED39,75.03005,195.6066,75.88007,196.9033,0,0,0,0,0,0,0.011022
490,1|LED4,84.43156,240.6822,87.30656,244.0278,0,0,0,0,0,0,0.096186
491,1|LED40,77.01105,195.6066,77.86107,196.9033,0,0,0,0,0,0,0.011022
492,1|LED41,79.50106,195.6066,80.35108,196.9033,0,0,0,0,0,0,0.011022
493,1|LED42,73.4097,193.264,74.70637,194.114,0,0,0,0,0,0,0.011022
494,1|LED43,76.0517,193.264,77.34837,194.114,0,0,0,0,0,0,0.011022
495,1|LED44,79.2007,193.264,80.49737,194.114,0,0,0,0,0,0,0.011022
496,1|LED5,72.54457,234.6882,75.41957,238.0338,0,0,0,0,0,0,0.096186
497,1|LED6,75.99856,234.6882,78.87356,238.0338,0,0,0,0,0,0,0.096186
498,1|LED7,79.96157,234.6882,82.83657,238.0338,0,0,0,0,0,0,0.096186
499,1|LED8,84.43156,234.6882,87.30656,238.0338,0,0,0,0,0,0,0.096186
500,1|LED9,72.76629,230.1485,76.11185,233.0235,0,0,0,0,0,0,0.096185
501,1|Q1,30.93705,221.6784,41.64607,237.1196,0,0,0,0,0,0,1.653601
502,1|Q2,115.6009,168.5693,122.5033,175.0333,0,0,0,0,0,0,0.446171
503,1|Q3,124.8519,168.8087,131.7543,175.2727,0,0,0,0,0,0,0.446171
504,1|R1,19.77472,219.1844,20.23286,219.3917,0,0,0,0,0,0,0.00095
505,1|R10,24.80233,217.7867,25.0097,218.2448,0,0,0,0,0,0,0.00095
506,1|R100,9.728007,167.7739,11.23214,170.8739,0,0,0,0,0,0,0.046628
507,1|R101,12.979,167.7739,14.48313,170.8739,0,0,0,0,0,0,0.046628
508,1|R102,15.97601,167.7739,17.48014,170.8739,0,0,0,0,0,0,0.046628
509,1|R103,18.72001,167.7739,20.22414,170.8739,0,0,0,0,0,0,0.046628
510,1|R104,21.20899,167.7739,22.71312,170.8739,0,0,0,0,0,0,0.046628
511,1|R105,23.44401,167.7739,24.94814,170.8739,0,0,0,0,0,0,0.046628
512,1|R106,25.552,167.7739,27.05613,170.8739,0,0,0,0,0,0,0.046628
513,1|R107,9.728007,161.9319,11.23214,165.0319,0,0,0,0,0,0,0.046628
514,1|R108,12.979,162.1859,14.48313,165.2859,0,0,0,0,0,0,0.046628
515,1|R109,15.97601,162.4399,17.48014,165.5399,0,0,0,0,0,0,0.046628
516,1|R11,25.56432,217.7867,25.77169,218.2448,0,0,0,0,0,0,0.00095
517,1|R110,18.72,162.6939,20.22413,165.7939,0,0,0,0,0,0,0.046628
518,1|R111,21.20901,162.9479,22.71314,166.0479,0,0,0,0,0,0,0.046628
519,1|R112,23.44399,163.2019,24.94812,166.3019,0,0,0,0,0,0,0.046628
520,1|R113,25.552,163.3289,27.05613,166.4289,0,0,0,0,0,0,0.046628
521,1|R114,36.6482,277.4242,38.73023,278.722,0,0,0,0,0,0,0.027021
522,1|R115,36.78,275.0101,39.05576,275.9266,0,0,0,0,0,0,0.020857
523,1|R116,37.39531,272.689,39.79564,273.1964,0,0,0,0,0,0,0.012179
524,1|R117,38.475,270.5328,40.92698,270.6157,0,0,0,0,0,0,0.002033
525,1|R118,39.98588,268.2607,42.415,268.6048,0,0,0,0,0,0,0.008359
526,1|R119,41.88355,266.204,44.216,266.9648,0,0,0,0,0,0,0.017745
527,1|R12,26.19932,217.7867,26.40669,218.2448,0,0,0,0,0,0,0.00095
528,1|R120,44.10954,264.508,46.27446,265.6622,0,0,0,0,0,0,0.024988
529,1|R121,46.59631,263.2244,48.52791,264.7371,0,0,0,0,0,0,0.029219
530,1|R122,49.26729,262.3929,50.90688,264.218,0,0,0,0,0,0,0.029924
531,1|R123,52.04306,262.0371,53.34083,264.1192,0,0,0,0,0,0,0.027021
532,1|R124,54.83842,262.1689,55.75493,264.4447,0,0,0,0,0,0,0.020858
533,1|R125,57.56761,262.7832,58.07502,265.1836,0,0,0,0,0,0,0.01218
534,1|R126,60.1494,263.863,60.23229,266.3149,0,0,0,0,0,0,0.002032
535,1|R127,62.16022,265.3748,62.50438,267.804,0,0,0,0,0,0,0.00836
536,1|R128,63.80031,267.2725,64.56105,269.6049,0,0,0,0,0,0,0.017744
537,1|R129,65.10291,269.4985,66.25712,271.6634,0,0,0,0,0,0,0.024987
538,1|R13,19.21432,215.2727,19.42169,215.7308,0,0,0,0,0,0,0.00095
539,1|R130,66.027,271.9842,67.53961,273.9158,0,0,0,0,0,0,0.029218
540,1|R131,66.54707,274.6562,68.37212,276.2958,0,0,0,0,0,0,0.029924
541,1|R132,66.64589,277.432,68.72792,278.7298,0,0,0,0,0,0,0.027021
542,1|R133,66.32037,280.2264,68.59613,281.1429,0,0,0,0,0,0,0.020857
543,1|R134,65.58048,282.9566,67.98081,283.464,0,0,0,0,0,0,0.012179
544,1|R135,64.45014,285.5383,66.90212,285.6212,0,0,0,0,0,0,0.002033
545,1|R136,62.96113,287.5481,65.39025,287.8923,0,0,0,0,0,0,0.008361
546,1|R137,61.16013,289.1882,63.49258,289.949,0,0,0,0,0,0,0.017745
547,1|R138,59.10166,290.4908,61.26658,291.645,0,0,0,0,0,0,0.024988
548,1|R139,56.84822,291.4159,58.77982,292.9285,0,0,0,0,0,0,0.029217
549,1|R14,20.99233,215.5267,21.1997,215.9848,0,0,0,0,0,0,0.00095
550,1|R140,54.46923,291.936,56.10882,293.7611,0,0,0,0,0,0,0.029924
551,1|R141,52.03529,292.0348,53.33306,294.1169,0,0,0,0,0,0,0.027021
552,1|R142,49.62118,291.7093,50.53769,293.9851,0,0,0,0,0,0,0.020858
553,1|R143,47.30111,290.9694,47.80852,293.3698,0,0,0,0,0,0,0.01218
554,1|R144,45.14383,289.8381,45.22672,292.29,0,0,0,0,0,0,0.002032
555,1|R145,42.87175,288.349,43.21591,290.7782,0,0,0,0,0,0,0.00836
556,1|R146,40.81508,286.548,41.57582,288.8805,0,0,0,0,0,0,0.017744
557,1|R147,39.12,284.4906,40.27421,286.6555,0,0,0,0,0,0,0.024987
558,1|R148,37.83651,282.2372,39.34912,284.1688,0,0,0,0,0,0,0.029218
559,1|R149,37.00401,279.8572,38.82906,281.4968,0,0,0,0,0,0,0.029924
560,1|R15,22.51632,215.7806,22.72369,216.2388,0,0,0,0,0,0,0.00095
561,1|R150,41.41684,277.6638,42.94985,278.4982,0,0,0,0,0,0,0.012791
562,1|R151,41.51541,275.9784,43.17003,276.5339,0,0,0,0,0,0,0.009191
563,1|R152,41.95229,274.3572,43.67824,274.617,0,0,0,0,0,0,0.004484
564,1|R153,42.71655,272.8062,44.46139,272.85,0,0,0,0,0,0,0.000764
565,1|R154,43.78352,271.1539,45.49423,271.5001,0,0,0,0,0,0,0.005922
566,1|R155,45.12067,269.713,46.74528,270.351,0,0,0,0,0,0,0.010365
567,1|R156,46.68766,268.5257,48.17681,269.4361,0,0,0,0,0,0,0.013557
568,1|R157,48.43748,267.6294,49.74591,268.7845,0,0,0,0,0,0,0.015114
569,1|R158,50.31632,267.0496,51.40428,268.4145,0,0,0,0,0,0,0.01485
570,1|R159,52.26684,266.8058,53.10127,268.3388,0,0,0,0,0,0,0.012792
571,1|R16,23.78632,216.0346,23.99369,216.4928,0,0,0,0,0,0,0.00095
572,1|R160,54.23016,266.9034,54.78571,268.558,0,0,0,0,0,0,0.009192
573,1|R161,56.14702,267.3412,56.4068,269.0672,0,0,0,0,0,0,0.004484
574,1|R162,57.91502,268.1045,57.95888,269.8493,0,0,0,0,0,0,0.000765
575,1|R163,59.26394,269.1715,59.61013,270.8822,0,0,0,0,0,0,0.005922
576,1|R164,60.41411,270.5086,61.0521,272.1332,0,0,0,0,0,0,0.010365
577,1|R165,61.32794,272.0766,62.23835,273.5657,0,0,0,0,0,0,0.013557
578,1|R166,61.98054,273.8254,63.1357,275.1338,0,0,0,0,0,0,0.015114
579,1|R167,62.3506,275.7043,63.71542,276.7922,0,0,0,0,0,0,0.014848
580,1|R168,62.42627,277.6558,63.95928,278.4902,0,0,0,0,0,0,0.012791
581,1|R169,62.20709,279.6191,63.86171,280.1746,0,0,0,0,0,0,0.009191
582,1|R17,24.80233,216.2886,25.0097,216.7468,0,0,0,0,0,0,0.00095
583,1|R170,61.69789,281.536,63.42384,281.7958,0,0,0,0,0,0,0.004484
584,1|R171,60.91473,283.304,62.65957,283.3478,0,0,0,0,0,0,0.000764
585,1|R172,59.8829,284.6529,61.59361,284.9991,0,0,0,0,0,0,0.005922
586,1|R173,58.63086,285.802,60.25547,286.44,0,0,0,0,0,0,0.010365
587,1|R174,57.19931,286.7169,58.68846,287.6273,0,0,0,0,0,0,0.013557
588,1|R175,55.63022,287.3685,56.93865,288.5236,0,0,0,0,0,0,0.015114
589,1|R176,53.97184,287.7385,55.0598,289.1034,0,0,0,0,0,0,0.01485
590,1|R177,52.27485,287.8152,53.10928,289.3482,0,0,0,0,0,0,0.012792
591,1|R178,50.59041,287.595,51.14596,289.2496,0,0,0,0,0,0,0.009192
592,1|R179,48.96933,287.0858,49.22911,288.8118,0,0,0,0,0,0,0.004484
593,1|R18,25.56432,216.5426,25.77169,217.0008,0,0,0,0,0,0,0.00095
594,1|R180,47.41724,286.3037,47.4611,288.0485,0,0,0,0,0,0,0.000765
595,1|R181,45.76601,285.2708,46.1122,286.9815,0,0,0,0,0,0,0.005922
596,1|R182,44.32503,284.0198,44.96302,285.6444,0,0,0,0,0,0,0.010365
597,1|R183,43.13777,282.5883,44.04818,284.0774,0,0,0,0,0,0,0.013557
598,1|R184,42.24043,281.0192,43.39559,282.3276,0,0,0,0,0,0,0.015114
599,1|R185,41.6617,279.3608,43.02652,280.4487,0,0,0,0,0,0,0.014848
600,1|R186,45.21168,277.8443,46.16677,278.3095,0,0,0,0,0,0,0.004443
601,1|R187,45.28454,276.7149,46.30591,277.0073,0,0,0,0,0,0,0.002986
602,1|R188,45.58289,275.627,46.63951,275.7376,0,0,0,0,0,0,0.001169
603,1|R189,46.09724,274.5402,47.157,274.6148,0,0,0,0,0,0,0.000791
604,1|R19,26.19932,216.6697,26.40669,217.1278,0,0,0,0,0,0,0.00095
605,1|R190,46.81167,273.4489,47.84238,273.7064,0,0,0,0,0,0,0.002654
606,1|R191,47.70473,272.4985,48.67507,272.9311,0,0,0,0,0,0,0.004198
607,1|R192,48.7485,271.7177,49.62897,272.3122,0,0,0,0,0,0,0.005234
608,1|R193,49.91262,271.1309,50.67649,271.8692,0,0,0,0,0,0,0.00564
609,1|R194,51.16134,270.7542,51.78539,271.614,0,0,0,0,0,0,0.005366
610,1|R195,52.45553,270.6006,52.9208,271.5557,0,0,0,0,0,0,0.004444
611,1|R196,53.75779,270.6735,54.05014,271.6948,0,0,0,0,0,0,0.002986
612,1|R197,55.02649,270.9718,55.13704,272.0284,0,0,0,0,0,0,0.001168
613,1|R198,56.15027,271.4852,56.22487,272.5449,0,0,0,0,0,0,0.000791
614,1|R199,57.05864,272.1996,57.31614,273.2303,0,0,0,0,0,0,0.002654
615,1|R2,21.52773,219.1844,21.98587,219.3917,0,0,0,0,0,0,0.00095
616,1|R20,18.4713,212.2164,19.09824,212.5938,0,0,0,0,0,0,0.002366
617,1|R200,57.83295,273.0927,58.26552,274.063,0,0,0,0,0,0,0.004197
618,1|R201,58.45186,274.1374,59.04635,275.0179,0,0,0,0,0,0,0.005234
619,1|R202,58.89582,275.3005,59.63418,276.0644,0,0,0,0,0,0,0.00564
620,1|R203,59.15104,276.5493,60.01082,277.1733,0,0,0,0,0,0,0.005365
621,1|R204,59.20935,277.8445,60.16444,278.3097,0,0,0,0,0,0,0.004443
622,1|R205,59.07021,279.1457,60.09158,279.4381,0,0,0,0,0,0,0.002986
623,1|R206,58.73662,280.4154,59.79324,280.526,0,0,0,0,0,0,0.001169
624,1|R207,58.21912,281.5392,59.27888,281.6138,0,0,0,0,0,0,0.000791
625,1|R208,57.53374,282.4466,58.56445,282.7041,0,0,0,0,0,0,0.002654
626,1|R209,56.70206,283.2219,57.6724,283.6545,0,0,0,0,0,0,0.004198
627,1|R21,20.60429,212.2164,21.23123,212.5938,0,0,0,0,0,0,0.002366
628,1|R210,55.74715,283.8408,56.62762,284.4353,0,0,0,0,0,0,0.005234
629,1|R211,54.69963,284.2838,55.4635,285.0221,0,0,0,0,0,0,0.00564
630,1|R212,53.59173,284.539,54.21578,285.3988,0,0,0,0,0,0,0.005366
631,1|R213,52.45532,284.5983,52.92059,285.5534,0,0,0,0,0,0,0.004444
632,1|R214,51.32698,284.4582,51.61933,285.4795,0,0,0,0,0,0,0.002986
633,1|R215,50.23908,284.1246,50.34963,285.1812,0,0,0,0,0,0,0.001168
634,1|R216,49.15125,283.608,49.22585,284.6678,0,0,0,0,0,0,0.000791
635,1|R217,48.06099,282.9227,48.31849,283.9534,0,0,0,0,0,0,0.002654
636,1|R218,47.1106,282.09,47.54317,283.0603,0,0,0,0,0,0,0.004197
637,1|R219,46.32977,281.1361,46.92426,282.0166,0,0,0,0,0,0,0.005234
638,1|R22,22.4843,212.2164,23.11124,212.5938,0,0,0,0,0,0,0.002366
639,1|R220,45.74195,280.0885,46.48031,280.8524,0,0,0,0,0,0,0.00564
640,1|R221,45.3653,278.9797,46.22508,279.6037,0,0,0,0,0,0,0.005365
641,1|R222,47.87329,277.8894,48.50023,278.2668,0,0,0,0,0,0,0.002366
642,1|R223,47.91411,277.1644,48.59707,277.4273,0,0,0,0,0,0,0.001796
643,1|R224,48.09935,276.4674,48.81757,276.6077,0,0,0,0,0,0,0.001008
644,1|R225,48.42356,275.8206,49.15523,275.834,0,0,0,0,0,0,9.80E-05
645,1|R226,48.87792,275.1271,49.60081,275.2409,0,0,0,0,0,0,0.000823
646,1|R227,49.44831,274.5099,50.14045,274.7475,0,0,0,0,0,0,0.001645
647,1|R228,50.11628,274.0023,50.75663,274.3565,0,0,0,0,0,0,0.002268
648,1|R229,50.86302,273.6171,51.43214,274.0772,0,0,0,0,0,0,0.002619
649,1|R23,24.11029,212.2164,24.73723,212.5938,0,0,0,0,0,0,0.002366
650,1|R230,51.66546,273.368,52.14605,273.9198,0,0,0,0,0,0,0.002652
651,1|R231,52.49823,273.2622,52.87569,273.8892,0,0,0,0,0,0,0.002367
652,1|R232,53.33777,273.3021,53.60063,273.985,0,0,0,0,0,0,0.001795
653,1|R233,54.15633,273.4873,54.2966,274.2055,0,0,0,0,0,0,0.001007
654,1|R234,54.93104,273.8125,54.94447,274.5442,0,0,0,0,0,0,9.83E-05
655,1|R235,55.52413,274.2659,55.63797,274.9887,0,0,0,0,0,0,0.000823
656,1|R236,56.01654,274.8363,56.25417,275.5284,0,0,0,0,0,0,0.001645
657,1|R237,56.40853,275.5052,56.76274,276.1456,0,0,0,0,0,0,0.002268
658,1|R238,56.68789,276.252,57.14792,276.8211,0,0,0,0,0,0,0.002618
659,1|R239,56.84523,277.0534,57.39709,277.534,0,0,0,0,0,0,0.002652
660,1|R24,25.60829,212.2164,26.23523,212.5938,0,0,0,0,0,0,0.002366
661,1|R240A,56.78006,278.7257,57.46302,278.9886,0,0,0,0,0,0,0.001796
662,1|R240B,56.87589,277.8872,57.50283,278.2646,0,0,0,0,0,0,0.002366
663,1|R241,56.55955,279.5453,57.27777,279.6855,0,0,0,0,0,0,0.001007
664,1|R242,56.2209,280.32,56.95257,280.3334,0,0,0,0,0,0,9.80E-05
665,1|R243,55.77533,280.9121,56.49822,281.0259,0,0,0,0,0,0,0.000823
666,1|R244,55.23667,281.4055,55.92881,281.6431,0,0,0,0,0,0,0.001645
667,1|R245,54.61949,281.7975,55.25984,282.1517,0,0,0,0,0,0,0.002268
668,1|R246,53.94398,282.0758,54.5131,282.5359,0,0,0,0,0,0,0.002619
669,1|R247,53.23108,282.2332,53.71167,282.785,0,0,0,0,0,0,0.002652
670,1|R248,52.50043,282.2648,52.87789,282.8918,0,0,0,0,0,0,0.002367
671,1|R249,51.7765,282.168,52.03936,282.8509,0,0,0,0,0,0,0.001795
672,1|R25,18.21524,210.5652,18.5927,211.1922,0,0,0,0,0,0,0.002367
673,1|R250,51.07952,281.9475,51.21979,282.6657,0,0,0,0,0,0,0.001007
674,1|R251,50.43165,281.6099,50.44508,282.3415,0,0,0,0,0,0,9.83E-05
675,1|R252,49.73915,281.1643,49.85299,281.8871,0,0,0,0,0,0,0.000823
676,1|R254,49.12197,280.6246,49.3596,281.3167,0,0,0,0,0,0,0.001645
677,1|R255,48.61339,280.0084,48.9676,280.6488,0,0,0,0,0,0,0.002268
678,1|R256,48.22821,279.3329,48.68824,279.902,0,0,0,0,0,0,0.002618
679,1|R257,47.98004,278.619,48.5319,279.0996,0,0,0,0,0,0,0.002652
680,1|R258,49.45772,277.9744,49.91586,278.1817,0,0,0,0,0,0,0.00095
681,1|R259,49.48903,277.4945,49.97622,277.6192,0,0,0,0,0,0,0.000608
682,1|R26,20.14523,210.5652,20.52269,211.1922,0,0,0,0,0,0,0.002367
683,1|R260,49.61679,277.0315,50.11823,277.0696,0,0,0,0,0,0,0.000191
684,1|R261,49.83822,276.5525,50.33867,276.602,0,0,0,0,0,0,0.000248
685,1|R262,50.14629,276.0802,50.63055,276.2158,0,0,0,0,0,0,0.000657
686,1|R263,50.53178,275.6689,50.98512,275.8865,0,0,0,0,0,0,0.000986
687,1|R264,50.98218,275.3319,51.39084,275.625,0,0,0,0,0,0,0.001198
688,1|R265,51.48486,275.0774,51.83642,275.437,0,0,0,0,0,0,0.001264
689,1|R266,52.02392,274.9133,52.30769,275.3285,0,0,0,0,0,0,0.001178
690,1|R267,52.58332,274.8467,52.79069,275.3048,0,0,0,0,0,0,0.00095
691,1|R268,53.14592,274.877,53.27059,275.3642,0,0,0,0,0,0,0.000607
692,1|R269,53.69442,275.0057,53.73259,275.5072,0,0,0,0,0,0,0.000191
693,1|R27,21.82223,210.5652,22.19969,211.1922,0,0,0,0,0,0,0.002367
694,1|R270,54.16304,275.2272,54.21253,275.7276,0,0,0,0,0,0,0.000248
695,1|R271,54.54826,275.5342,54.6839,276.0185,0,0,0,0,0,0,0.000657
696,1|R272,54.87752,275.9197,55.09519,276.373,0,0,0,0,0,0,0.000987
697,1|R273,55.1401,276.3711,55.43318,276.7798,0,0,0,0,0,0,0.001198
698,1|R274,55.3281,276.8728,55.68769,277.2243,0,0,0,0,0,0,0.001264
699,1|R275,55.43654,277.4129,55.85172,277.6966,0,0,0,0,0,0,0.001178
700,1|R276,55.46026,277.9723,55.9184,278.1796,0,0,0,0,0,0,0.00095
701,1|R277,55.4009,278.5349,55.88809,278.6595,0,0,0,0,0,0,0.000607
702,1|R278,55.25789,279.0834,55.75933,279.1215,0,0,0,0,0,0,0.000191
703,1|R279,55.03747,279.552,55.53792,279.6015,0,0,0,0,0,0,0.000248
704,1|R28,23.24423,210.5652,23.62169,211.1922,0,0,0,0,0,0,0.002367
705,1|R280,54.74558,279.9372,55.22984,280.0728,0,0,0,0,0,0,0.000657
706,1|R281,54.39102,280.2665,54.84436,280.4841,0,0,0,0,0,0,0.000986
707,1|R282,53.98528,280.529,54.39394,280.8221,0,0,0,0,0,0,0.001198
708,1|R283,53.5397,280.717,53.89126,281.0766,0,0,0,0,0,0,0.001264
709,1|R284,53.06844,280.8245,53.35221,281.2396,0,0,0,0,0,0,0.001178
710,1|R285,52.58543,280.8492,52.7928,281.3073,0,0,0,0,0,0,0.00095
711,1|R286,52.10554,280.7888,52.23021,281.276,0,0,0,0,0,0,0.000607
712,1|R287,51.64353,280.6468,51.6817,281.1483,0,0,0,0,0,0,0.000191
713,1|R288,51.16359,280.4264,51.21308,280.9268,0,0,0,0,0,0,0.000248
714,1|R289,50.69224,280.1345,50.82788,280.6188,0,0,0,0,0,0,0.000657
715,1|R29,24.41223,210.5652,24.78969,211.1922,0,0,0,0,0,0,0.002367
716,1|R290,50.28094,279.7799,50.49861,280.2333,0,0,0,0,0,0,0.000987
717,1|R291,49.94296,279.3742,50.23604,279.7829,0,0,0,0,0,0,0.001198
718,1|R292,49.68843,278.9286,50.04802,279.2802,0,0,0,0,0,0,0.001264
719,1|R293,49.5254,278.4574,49.94058,278.7411,0,0,0,0,0,0,0.001178
720,1|R294,39.99124,255.2932,40.3687,255.9202,0,0,0,0,0,0,0.002367
721,1|R295,39.99123,253.2612,40.36869,253.8882,0,0,0,0,0,0,0.002367
722,1|R296,39.99124,251.2292,40.3687,251.8562,0,0,0,0,0,0,0.002367
723,1|R297,39.99123,249.1972,40.36869,249.8242,0,0,0,0,0,0,0.002367
724,1|R298,39.99123,247.1652,40.36869,247.7922,0,0,0,0,0,0,0.002367
725,1|R299,39.99124,245.1332,40.3687,245.7602,0,0,0,0,0,0,0.002367
726,1|R3,23.02573,219.1844,23.48387,219.3917,0,0,0,0,0,0,0.00095
727,1|R30,25.32724,210.5652,25.7047,211.1922,0,0,0,0,0,0,0.002367
728,1|R300,39.99123,243.1012,40.36869,243.7282,0,0,0,0,0,0,0.002367
729,1|R301,39.99124,241.0692,40.3687,241.6962,0,0,0,0,0,0,0.002367
730,1|R302,39.99123,239.0372,40.36869,239.6642,0,0,0,0,0,0,0.002367
731,1|R303,39.99124,237.0052,40.3687,237.6322,0,0,0,0,0,0,0.002367
732,1|R304,39.99123,234.9732,40.36869,235.6002,0,0,0,0,0,0,0.002367
733,1|R305,39.99123,232.9412,40.36869,233.5682,0,0,0,0,0,0,0.002367
734,1|R306,41.1113,232.2814,41.73824,232.6588,0,0,0,0,0,0,0.002366
735,1|R307,43.14329,232.2814,43.77023,232.6588,0,0,0,0,0,0,0.002366
736,1|R308,45.17529,232.2814,45.80223,232.6588,0,0,0,0,0,0,0.002366
737,1|R309,47.20729,232.2814,47.83423,232.6588,0,0,0,0,0,0,0.002366
738,1|R31,26.11423,210.5652,26.49169,211.1922,0,0,0,0,0,0,0.002367
739,1|R310,49.2393,232.2814,49.86624,232.6588,0,0,0,0,0,0,0.002366
740,1|R311,51.27128,232.2814,51.89822,232.6588,0,0,0,0,0,0,0.002366
741,1|R312,53.3033,232.2814,53.93024,232.6588,0,0,0,0,0,0,0.002366
742,1|R313,55.33529,232.2814,55.96223,232.6588,0,0,0,0,0,0,0.002366
743,1|R314,57.36729,232.2814,57.99423,232.6588,0,0,0,0,0,0,0.002366
744,1|R315,59.39929,232.2814,60.02623,232.6588,0,0,0,0,0,0,0.002366
745,1|R316,61.43129,232.2814,62.05823,232.6588,0,0,0,0,0,0,0.002366
746,1|R317,63.4633,232.2814,64.09024,232.6588,0,0,0,0,0,0,0.002366
747,1|R318,64.88322,232.9412,65.26068,233.5682,0,0,0,0,0,0,0.002367
748,1|R319,64.88322,234.9732,65.26068,235.6002,0,0,0,0,0,0,0.002367
749,1|R32,18.21522,207.6692,18.59268,208.2962,0,0,0,0,0,0,0.002367
750,1|R320,64.88324,237.0052,65.2607,237.6322,0,0,0,0,0,0,0.002367
751,1|R321,64.88322,239.0372,65.26068,239.6642,0,0,0,0,0,0,0.002367
752,1|R322,64.88324,241.0692,65.2607,241.6962,0,0,0,0,0,0,0.002367
753,1|R323,64.88322,243.1012,65.26068,243.7282,0,0,0,0,0,0,0.002367
754,1|R324,64.88324,245.1332,65.2607,245.7602,0,0,0,0,0,0,0.002367
755,1|R325,64.88322,247.1652,65.26068,247.7922,0,0,0,0,0,0,0.002367
756,1|R326,64.88322,249.1972,65.26068,249.8242,0,0,0,0,0,0,0.002367
757,1|R327,64.88324,251.2292,65.2607,251.8562,0,0,0,0,0,0,0.002367
758,1|R328,64.88322,253.2612,65.26068,253.8882,0,0,0,0,0,0,0.002367
759,1|R329,64.88324,255.2932,65.2607,255.9202,0,0,0,0,0,0,0.002367
760,1|R33,20.14523,207.9232,20.52269,208.5502,0,0,0,0,0,0,0.002367
761,1|R330,63.50389,256.3202,64.13083,256.6976,0,0,0,0,0,0,0.002366
762,1|R331,61.47188,256.3202,62.09882,256.6976,0,0,0,0,0,0,0.002366
763,1|R332,59.4399,256.3202,60.06684,256.6976,0,0,0,0,0,0,0.002366
764,1|R333,57.40789,256.3202,58.03483,256.6976,0,0,0,0,0,0,0.002366
765,1|R334,55.37589,256.3202,56.00283,256.6976,0,0,0,0,0,0,0.002366
766,1|R335,53.34389,256.3202,53.97083,256.6976,0,0,0,0,0,0,0.002366
767,1|R336,51.31189,256.3202,51.93883,256.6976,0,0,0,0,0,0,0.002366
768,1|R337,49.2799,256.3202,49.90684,256.6976,0,0,0,0,0,0,0.002366
769,1|R338,47.24788,256.3202,47.87482,256.6976,0,0,0,0,0,0,0.002366
770,1|R339,45.2159,256.3202,45.84284,256.6976,0,0,0,0,0,0,0.002366
771,1|R34,21.82223,208.1772,22.19969,208.8042,0,0,0,0,0,0,0.002367
772,1|R340,43.18389,256.3202,43.81083,256.6976,0,0,0,0,0,0,0.002366
773,1|R341,41.15189,256.3202,41.77883,256.6976,0,0,0,0,0,0,0.002366
774,1|R342,50.55132,188.1757,50.75869,188.6338,0,0,0,0,0,0,0.00095
775,1|R343,50.55132,187.0577,50.75869,187.5158,0,0,0,0,0,0,0.00095
776,1|R344,50.55132,185.8137,50.75869,186.2718,0,0,0,0,0,0,0.00095
777,1|R345,50.55132,184.3146,50.75869,184.7728,0,0,0,0,0,0,0.00095
778,1|R346,50.55132,182.5626,50.75869,183.0208,0,0,0,0,0,0,0.00095
779,1|R347,51.69827,188.9873,52.15641,189.1946,0,0,0,0,0,0,0.00095
780,1|R348,51.69827,188.3523,52.15641,188.5596,0,0,0,0,0,0,0.00095
781,1|R349,51.69827,187.5902,52.15641,187.7976,0,0,0,0,0,0,0.00095
782,1|R35,23.24423,208.4312,23.62169,209.0582,0,0,0,0,0,0,0.002367
783,1|R350,51.69827,186.5743,52.15641,186.7816,0,0,0,0,0,0,0.00095
784,1|R351,51.69827,185.3043,52.15641,185.5116,0,0,0,0,0,0,0.00095
785,1|R352,51.69827,183.7803,52.15641,183.9876,0,0,0,0,0,0,0.00095
786,1|R353,51.69827,182.0023,52.15641,182.2096,0,0,0,0,0,0,0.00095
787,1|R354,52.81626,188.9873,53.2744,189.1946,0,0,0,0,0,0,0.00095
788,1|R355,52.94326,188.3523,53.4014,188.5596,0,0,0,0,0,0,0.00095
789,1|R356,53.19726,187.5902,53.6554,187.7976,0,0,0,0,0,0,0.00095
790,1|R357,53.45127,186.5743,53.90941,186.7816,0,0,0,0,0,0,0.00095
791,1|R358,53.70526,185.3043,54.1634,185.5116,0,0,0,0,0,0,0.00095
792,1|R359,53.95927,183.7803,54.41741,183.9876,0,0,0,0,0,0,0.00095
793,1|R36,24.41223,208.6852,24.78969,209.3122,0,0,0,0,0,0,0.002367
794,1|R360,54.21326,182.0023,54.6714,182.2096,0,0,0,0,0,0,0.00095
795,1|R361,93.77111,293.4401,95.07903,296.7401,0,0,0,0,0,0,0.043161
796,1|R362,96.26009,293.694,97.56801,296.994,0,0,0,0,0,0,0.043161
797,1|R363,99.2571,293.948,100.565,297.248,0,0,0,0,0,0,0.043161
798,1|R364,102.7631,294.202,104.071,297.502,0,0,0,0,0,0,0.043161
799,1|R365,93.77111,288.665,95.07903,291.965,0,0,0,0,0,0,0.043161
800,1|R366,96.26009,288.665,97.56801,291.965,0,0,0,0,0,0,0.043161
801,1|R367,99.2571,288.665,100.565,291.965,0,0,0,0,0,0,0.043161
802,1|R368,102.7631,288.665,104.071,291.965,0,0,0,0,0,0,0.043161
803,1|R369,92.25009,285.52,95.55009,286.828,0,0,0,0,0,0,0.043164
804,1|R37,25.32724,208.9392,25.7047,209.5662,0,0,0,0,0,0,0.002367
805,1|R370,97.0251,285.52,100.3251,286.828,0,0,0,0,0,0,0.043164
806,1|R371,102.3081,285.52,105.6081,286.828,0,0,0,0,0,0,0.043164
807,1|R372,93.97493,279.2453,94.87493,281.1587,0,0,0,0,0,0,0.017221
808,1|R373,96.05792,279.4993,96.95792,281.4127,0,0,0,0,0,0,0.017221
809,1|R374,98.64891,279.7533,99.54891,281.6667,0,0,0,0,0,0,0.017221
810,1|R375,101.7469,280.0073,102.6469,281.9207,0,0,0,0,0,0,0.017221
811,1|R376,93.97493,275.7903,94.87493,277.7037,0,0,0,0,0,0,0.017221
812,1|R377,96.05792,275.7903,96.95792,277.7037,0,0,0,0,0,0,0.017221
813,1|R378,98.64891,275.7903,99.54891,277.7037,0,0,0,0,0,0,0.017221
814,1|R379,101.7469,275.7903,102.6469,277.7037,0,0,0,0,0,0,0.017221
815,1|R38,26.11423,209.0662,26.49169,209.6932,0,0,0,0,0,0,0.002367
816,1|R380,93.65041,273.0242,95.56374,273.9242,0,0,0,0,0,0,0.01722
817,1|R381,97.1044,273.0242,99.01773,273.9242,0,0,0,0,0,0,0.01722
818,1|R382,101.0674,273.0242,102.9807,273.9242,0,0,0,0,0,0,0.01722
819,1|R383,128.7403,294.3533,129.2056,295.3084,0,0,0,0,0,0,0.004444
820,1|R384,128.7403,292.0673,129.2056,293.0224,0,0,0,0,0,0,0.004444
821,1|R385,128.7403,289.7813,129.2056,290.7364,0,0,0,0,0,0,0.004444
822,1|R386,128.7403,287.4953,129.2056,288.4504,0,0,0,0,0,0,0.004444
823,1|R387,128.7403,285.2093,129.2056,286.1644,0,0,0,0,0,0,0.004444
824,1|R388,128.7403,282.9233,129.2056,283.8784,0,0,0,0,0,0,0.004444
825,1|R389,128.7403,280.6373,129.2056,281.5924,0,0,0,0,0,0,0.004444
826,1|R39,16.98869,204.3483,17.94378,204.8135,0,0,0,0,0,0,0.004443
827,1|R390,128.7403,278.3513,129.2056,279.3064,0,0,0,0,0,0,0.004444
828,1|R391,126.1162,268.2032,126.4937,268.8301,0,0,0,0,0,0,0.002367
829,1|R392,126.1162,265.9172,126.4937,266.5442,0,0,0,0,0,0,0.002367
830,1|R393,126.1162,263.6312,126.4937,264.2582,0,0,0,0,0,0,0.002367
831,1|R394,126.1162,261.3452,126.4937,261.9721,0,0,0,0,0,0,0.002367
832,1|R395,126.1162,259.0592,126.4937,259.6862,0,0,0,0,0,0,0.002367
833,1|R396,126.1162,256.7732,126.4937,257.4002,0,0,0,0,0,0,0.002367
834,1|R397,126.1162,254.4872,126.4937,255.1142,0,0,0,0,0,0,0.002367
835,1|R4,24.27072,219.1844,24.72886,219.3917,0,0,0,0,0,0,0.00095
836,1|R40,19.47769,204.3483,20.43278,204.8135,0,0,0,0,0,0,0.004443
837,1|R41,21.71269,204.3483,22.66778,204.8135,0,0,0,0,0,0,0.004443
838,1|R42,23.69468,204.3483,24.64977,204.8135,0,0,0,0,0,0,0.004443
839,1|R43,25.54868,204.3483,26.50377,204.8135,0,0,0,0,0,0,0.004443
840,1|R44,16.95353,202.3006,17.4188,203.2557,0,0,0,0,0,0,0.004444
841,1|R45,19.08653,202.3006,19.5518,203.2557,0,0,0,0,0,0,0.004444
842,1|R46,20.96653,202.3006,21.4318,203.2557,0,0,0,0,0,0,0.004444
843,1|R47,22.59153,202.3006,23.0568,203.2557,0,0,0,0,0,0,0.004444
844,1|R48,23.96354,202.3006,24.42881,203.2557,0,0,0,0,0,0,0.004444
845,1|R49,25.08154,202.3006,25.54681,203.2557,0,0,0,0,0,0,0.004444
846,1|R5,25.38773,219.1844,25.84587,219.3917,0,0,0,0,0,0,0.00095
847,1|R50,26.07153,202.3006,26.5368,203.2557,0,0,0,0,0,0,0.004444
848,1|R51,16.95353,199.0496,17.4188,200.0047,0,0,0,0,0,0,0.004444
849,1|R52,19.08653,199.3036,19.5518,200.2587,0,0,0,0,0,0,0.004444
850,1|R53,20.96653,199.5576,21.4318,200.5127,0,0,0,0,0,0,0.004444
851,1|R54,22.59153,199.8116,23.0568,200.7667,0,0,0,0,0,0,0.004444
852,1|R55,23.96354,200.0656,24.42881,201.0207,0,0,0,0,0,0,0.004444
853,1|R56,25.08154,200.3196,25.54681,201.2747,0,0,0,0,0,0,0.004444
854,1|R57,26.07153,200.4466,26.5368,201.4017,0,0,0,0,0,0,0.004444
855,1|R58,14.40784,195.3538,15.94085,196.1882,0,0,0,0,0,0,0.012791
856,1|R59,17.50685,195.3538,19.03986,196.1882,0,0,0,0,0,0,0.012791
857,1|R6,19.21432,217.7867,19.42169,218.2448,0,0,0,0,0,0,0.00095
858,1|R60,20.35184,195.3538,21.88485,196.1882,0,0,0,0,0,0,0.012791
859,1|R61,22.94185,195.3538,24.47486,196.1882,0,0,0,0,0,0,0.012791
860,1|R62,25.40584,195.3538,26.93885,196.1882,0,0,0,0,0,0,0.012791
861,1|R63,14.63084,192.7098,15.46527,194.2428,0,0,0,0,0,0,0.012792
862,1|R64,17.11985,192.7098,17.95428,194.2428,0,0,0,0,0,0,0.012792
863,1|R65,19.35484,192.7098,20.18927,194.2428,0,0,0,0,0,0,0.012792
864,1|R66,21.33685,192.7098,22.17128,194.2428,0,0,0,0,0,0,0.012792
865,1|R67,23.06384,192.7098,23.89827,194.2428,0,0,0,0,0,0,0.012792
866,1|R68,24.53684,192.7098,25.37127,194.2428,0,0,0,0,0,0,0.012792
867,1|R69,25.88284,192.7098,26.71727,194.2428,0,0,0,0,0,0,0.012792
868,1|R7,20.99233,217.7867,21.1997,218.2448,0,0,0,0,0,0,0.00095
869,1|R70,14.63084,188.8488,15.46527,190.3818,0,0,0,0,0,0,0.012792
870,1|R71,17.11985,189.1028,17.95428,190.6358,0,0,0,0,0,0,0.012792
871,1|R72,19.35484,189.3568,20.18927,190.8898,0,0,0,0,0,0,0.012792
872,1|R73,21.33685,189.6108,22.17128,191.1438,0,0,0,0,0,0,0.012792
873,1|R74,23.06384,189.8648,23.89827,191.3978,0,0,0,0,0,0,0.012792
874,1|R75,24.53684,190.1188,25.37127,191.6518,0,0,0,0,0,0,0.012792
875,1|R76,25.88284,190.2458,26.71727,191.7788,0,0,0,0,0,0,0.012792
876,1|R77,11.24421,184.6752,13.32624,185.973,0,0,0,0,0,0,0.027021
877,1|R78,15.10421,184.6752,17.18624,185.973,0,0,0,0,0,0,0.027021
878,1|R79,18.7112,184.6752,20.79323,185.973,0,0,0,0,0,0,0.027021
879,1|R8,22.51632,217.7867,22.72369,218.2448,0,0,0,0,0,0,0.00095
880,1|R80,22.0642,184.6752,24.14623,185.973,0,0,0,0,0,0,0.027021
881,1|R81,25.2902,184.6752,27.37223,185.973,0,0,0,0,0,0,0.027021
882,1|R82,11.66406,181.3921,12.96183,183.4742,0,0,0,0,0,0,0.027021
883,1|R83,14.61006,181.3921,15.90783,183.4742,0,0,0,0,0,0,0.027021
884,1|R84,17.30307,181.3921,18.60084,183.4742,0,0,0,0,0,0,0.027021
885,1|R85,19.74106,181.3921,21.03883,183.4742,0,0,0,0,0,0,0.027021
886,1|R86,21.92506,181.3921,23.22283,183.4742,0,0,0,0,0,0,0.027021
887,1|R87,23.85606,181.3921,25.15383,183.4742,0,0,0,0,0,0,0.027021
888,1|R88,25.65906,181.3921,26.95683,183.4742,0,0,0,0,0,0,0.027021
889,1|R89,11.66406,176.7691,12.96183,178.8512,0,0,0,0,0,0,0.027021
890,1|R9,23.78632,217.7867,23.99369,218.2448,0,0,0,0,0,0,0.00095
891,1|R90,14.61006,177.0231,15.90783,179.1052,0,0,0,0,0,0,0.027021
892,1|R91,17.30307,177.2771,18.60084,179.3592,0,0,0,0,0,0,0.027021
893,1|R92,19.74106,177.5311,21.03883,179.6132,0,0,0,0,0,0,0.027021
894,1|R93,21.92506,177.7851,23.22283,179.8672,0,0,0,0,0,0,0.027021
895,1|R94,23.85606,178.0391,25.15383,180.1212,0,0,0,0,0,0,0.027021
896,1|R95,25.65906,178.1661,26.95683,180.2482,0,0,0,0,0,0,0.027021
897,1|R96,9.918992,172.2309,13.019,173.7351,0,0,0,0,0,0,0.04663
898,1|R97,14.745,172.2309,17.84501,173.7351,0,0,0,0,0,0,0.04663
899,1|R98,19.31699,172.2309,22.417,173.7351,0,0,0,0,0,0,0.04663
900,1|R99,23.762,172.2309,26.86201,173.7351,0,0,0,0,0,0,0.04663
901,1|RN1,143.9354,190.646,145.5067,193.888,0,0,0,0,0,0,0.050942
902,1|RN10,147.9771,183.9623,151.2191,185.5337,0,0,0,0,0,0,0.050945
903,1|RN11,151.9901,183.9623,155.2321,185.5337,0,0,0,0,0,0,0.050945
904,1|RN2,147.0594,190.9,148.6307,194.142,0,0,0,0,0,0,0.050942
905,1|RN3,150.3104,191.154,151.8817,194.396,0,0,0,0,0,0,0.050942
906,1|RN4,153.8164,191.408,155.3877,194.65,0,0,0,0,0,0,0.050942
907,1|RN5,143.9354,186.76,145.5067,190.002,0,0,0,0,0,0,0.050942
908,1|RN6,147.0594,186.76,148.6307,190.002,0,0,0,0,0,0,0.050942
909,1|RN7,150.3104,186.76,151.8817,190.002,0,0,0,0,0,0,0.050942
910,1|RN8,153.8164,186.76,155.3877,190.002,0,0,0,0,0,0,0.050942
911,1|RN9,144.0911,183.9623,147.3331,185.5337,0,0,0,0,0,0,0.050945
912,1|U1,114.5694,210.7978,116.2246,212.1978,0,0,0,0,0,0,0.023173
913,1|U10,114.3819,199.87,116.5622,201.878,0,0,0,0,0,0,0.04378
914,1|U11,117.8359,199.87,120.0162,201.878,0,0,0,0,0,0,0.04378
915,1|U12,121.7989,199.87,123.9792,201.878,0,0,0,0,0,0,0.04378
916,1|U13,114.3819,197.178,116.5622,199.186,0,0,0,0,0,0,0.04378
917,1|U14,117.4069,196.778,119.5872,198.786,0,0,0,0,0,0,0.04378
918,1|U15,121.7989,197.178,123.9792,199.186,0,0,0,0,0,0,0.04378
919,1|U16,114.3819,193.977,116.5622,195.985,0,0,0,0,0,0,0.04378
920,1|U17,117.8359,193.977,120.0162,195.985,0,0,0,0,0,0,0.04378
921,1|U18,121.7989,193.977,123.9792,195.985,0,0,0,0,0,0,0.04378
922,1|U19,114.1024,187.148,116.8917,189.912,0,0,0,0,0,0,0.077096
923,1|U2,117.2114,210.7978,118.8665,212.1978,0,0,0,0,0,0,0.023171
924,1|U20,118.0144,187.148,120.8037,189.912,0,0,0,0,0,0,0.077096
925,1|U21,122.4334,187.148,125.2227,189.912,0,0,0,0,0,0,0.077096
926,1|U22,114.1024,183.643,116.8917,186.407,0,0,0,0,0,0,0.077096
927,1|U23,117.5344,183.243,120.3237,186.007,0,0,0,0,0,0,0.077096
928,1|U24,122.4334,183.643,125.2227,186.407,0,0,0,0,0,0,0.077096
929,1|U25,114.1024,179.629,116.8917,182.393,0,0,0,0,0,0,0.077096
930,1|U26,118.0144,179.629,120.8037,182.393,0,0,0,0,0,0,0.077096
931,1|U27,122.4334,179.629,125.2227,182.393,0,0,0,0,0,0,0.077096
932,1|U28,126.2801,210.4255,128.922,213.1725,0,0,0,0,0,0,0.072573
933,1|U29,130.1921,210.4255,132.834,213.1725,0,0,0,0,0,0,0.072573
934,1|U3,120.3604,210.7978,122.0155,212.1978,0,0,0,0,0,0,0.023171
935,1|U30,134.6121,210.4255,137.254,213.1725,0,0,0,0,0,0,0.072573
936,1|U31,126.2801,206.9205,128.922,209.6675,0,0,0,0,0,0,0.072573
937,1|U32,130.1921,206.9205,132.834,209.6675,0,0,0,0,0,0,0.072573
938,1|U33,134.6121,206.9205,137.254,209.6675,0,0,0,0,0,0,0.072573
939,1|U34,126.2801,202.9075,128.922,205.6545,0,0,0,0,0,0,0.072573
940,1|U35,130.1921,202.9075,132.834,205.6545,0,0,0,0,0,0,0.072573
941,1|U36,134.6121,202.9075,137.254,205.6545,0,0,0,0,0,0,0.072573
942,1|U37,127.4832,196.88,129.5469,198.83,0,0,0,0,0,0,0.040242
943,1|U38,130.9382,196.88,133.0019,198.83,0,0,0,0,0,0,0.040242
944,1|U39,134.9002,196.88,136.9639,198.83,0,0,0,0,0,0,0.040242
945,1|U4,114.5694,208.5878,116.2246,209.9878,0,0,0,0,0,0,0.023173
946,1|U40,127.4842,194.187,129.5479,196.137,0,0,0,0,0,0,0.040242
947,1|U41,130.9392,194.188,133.0029,196.138,0,0,0,0,0,0,0.040242
948,1|U42,134.9002,194.187,136.9639,196.137,0,0,0,0,0,0,0.040242
949,1|U43,127.4842,190.987,129.5479,192.937,0,0,0,0,0,0,0.040242
950,1|U44,130.9382,190.987,133.0019,192.937,0,0,0,0,0,0,0.040242
951,1|U45,134.9002,190.987,136.9639,192.937,0,0,0,0,0,0,0.040242
952,1|U46,129.3271,185.4335,131.0071,186.9085,0,0,0,0,0,0,0.02478
953,1|U47,131.9681,185.4335,133.6481,186.9085,0,0,0,0,0,0,0.02478
954,1|U48,135.1181,185.4335,136.7981,186.9085,0,0,0,0,0,0,0.02478
955,1|U49,129.3271,183.2235,131.0071,184.6985,0,0,0,0,0,0,0.02478
956,1|U5,116.9316,208.3282,118.5867,209.7282,0,0,0,0,0,0,0.023171
957,1|U50,131.9681,183.2235,133.6481,184.6985,0,0,0,0,0,0,0.02478
958,1|U51,135.1181,183.2235,136.7981,184.6985,0,0,0,0,0,0,0.02478
959,1|U52,129.3271,180.5055,131.0071,181.9805,0,0,0,0,0,0,0.02478
960,1|U53,131.9681,180.5055,133.6481,181.9805,0,0,0,0,0,0,0.02478
961,1|U54,135.1181,180.5055,136.7981,181.9805,0,0,0,0,0,0,0.02478
962,1|U6,120.3604,208.5878,122.0155,209.9878,0,0,0,0,0,0,0.023171
963,1|U7,114.5694,205.8698,116.2246,207.2698,0,0,0,0,0,0,0.023173
964,1|U8,117.2114,205.8698,118.8665,207.2698,0,0,0,0,0,0,0.023171
965,1|U9,120.3604,205.8698,122.0155,207.2698,0,0,0,0,0,0,0.023171
966,1|X1,24.03483,225.3744,30.28627,271.2061,0,0,0,0,0,0,2.865141
967,1|X2,162.6784,156.3564,168.5021,202.2445,0,0,0,0,0,0,2.672385
968,1|X3,187.75,282.0146,198.4794,287.1794,0,0,0,0,0,0,0.554152
969,1|X4,185.0447,277.9226,195.7742,283.0874,0,0,0,0,0,0,0.554157
970,1|X5,186.0287,264.0989,191.1935,274.8284,0,0,0,0,0,0,0.554157
971,1|X6,191.3907,261.3936,196.5555,272.1231,0,0,0,0,0,0,0.554157
972,1|X7,110.6929,156.1494,135.0098,163.8846,0,0,0,0,0,0,1.880961
973,1|XTAL1,32.99956,215.4003,38.92456,218.8657,0,0,0,0,0,0,0.205325
974,1|XTAL2,34.04734,205.6835,37.51278,211.6085,0,0,0,0,0,0,0.205327
975,1|XTAL3,42.96806,214.4849,47.34206,227.1991,0,0,0,0,0,0,0.556119
976,1|XTAL4,48.86706,214.4849,53.24106,227.1991,0,0,0,0,0,0,0.556119
977,2|BGA1,52.978,120.461,65.978,131.461,0,0,0,0,0,0,1.43
978,2|BGA2,52.978,133.669,65.978,144.669,0,0,0,0,0,0,1.43
979,2|BGA3,21.37749,41.74,27.47449,49.902,0,0,0,0,0,0,0.497637
980,2|BGA4,13.2495,41.613,19.3465,49.775,0,0,0,0,0,0,0.497637
981,2|C1,203.2653,6.208335,205.6987,9.375335,0,0,0,0,0,0,0.077066
982,2|C10,196.9913,10.70433,199.4247,13.87133,0,0,0,0,0,0,0.077066
983,2|C100,198.3599,67.49606,198.6501,68.09606,0,0,0,0,0,0,0.001741
984,2|C101,196.4299,67.24206,196.7201,67.84206,0,0,0,0,0,0,0.001741
985,2|C102,204.3289,70.13707,204.6191,70.73707,0,0,0,0,0,0,0.001741
986,2|C103,203.5419,70.13707,203.8321,70.73707,0,0,0,0,0,0,0.001741
987,2|C104,202.6269,70.13707,202.9171,70.73707,0,0,0,0,0,0,0.001741
988,2|C105,201.4589,70.13707,201.7491,70.73707,0,0,0,0,0,0,0.001741
989,2|C106,200.0359,70.13707,200.3261,70.73707,0,0,0,0,0,0,0.001741
990,2|C107,198.3599,70.13707,198.6501,70.73707,0,0,0,0,0,0,0.001741
991,2|C108,196.4299,70.13707,196.7201,70.73707,0,0,0,0,0,0,0.001741
992,2|C109,203.7941,71.81593,204.3941,72.10609,0,0,0,0,0,0,0.001741
993,2|C11,193.5373,10.70433,195.9707,13.87133,0,0,0,0,0,0,0.077066
994,2|C110,202.2951,71.81593,202.8951,72.10609,0,0,0,0,0,0,0.001741
995,2|C111,200.6701,71.81593,201.2701,72.10609,0,0,0,0,0,0,0.001741
996,2|C112,198.7901,71.81593,199.3901,72.10609,0,0,0,0,0,0,0.001741
997,2|C113,196.6571,71.81593,197.2571,72.10609,0,0,0,0,0,0,0.001741
998,2|C114,204.369,76.28396,204.581,76.62596,0,0,0,0,0,0,0.000725
999,2|C115,203.7089,76.15695,203.921,76.49895,0,0,0,0,0,0,0.000725
1000,2|C116,202.921,75.90295,203.133,76.24495,0,0,0,0,0,0,0.000725
1001,2|C117,201.88,75.64895,202.092,75.99095,0,0,0,0,0,0,0.000725
1002,2|C118,200.5839,75.39495,200.796,75.73695,0,0,0,0,0,0,0.000725
1003,2|C119,199.035,75.14096,199.247,75.48296,0,0,0,0,0,0,0.000725
1004,2|C12,189.8283,10.70433,192.2617,13.87133,0,0,0,0,0,0,0.077066
1005,2|C120,197.232,74.88696,197.444,75.22896,0,0,0,0,0,0,0.000725
1006,2|C121,204.369,77.40196,204.581,77.74396,0,0,0,0,0,0,0.000725
1007,2|C122,203.7089,77.40196,203.921,77.74396,0,0,0,0,0,0,0.000725
1008,2|C123,202.921,77.40196,203.133,77.74396,0,0,0,0,0,0,0.000725
1009,2|C124,201.88,77.40196,202.092,77.74396,0,0,0,0,0,0,0.000725
1010,2|C125,200.5839,77.40196,200.796,77.74396,0,0,0,0,0,0,0.000725
1011,2|C126,199.035,77.40196,199.247,77.74396,0,0,0,0,0,0,0.000725
1012,2|C127,197.232,77.40196,197.444,77.74396,0,0,0,0,0,0,0.000725
1013,2|C128,203.54,78.73696,203.882,78.94904,0,0,0,0,0,0,0.000725
1014,2|C129,202.4219,78.73696,202.7639,78.94904,0,0,0,0,0,0,0.000725
1015,2|C13,185.8663,10.70433,188.2997,13.87133,0,0,0,0,0,0,0.077066
1016,2|C130,201.178,78.73696,201.52,78.94904,0,0,0,0,0,0,0.000725
1017,2|C131,199.679,78.73696,200.021,78.94904,0,0,0,0,0,0,0.000725
1018,2|C132,197.927,78.73696,198.269,78.94904,0,0,0,0,0,0,0.000725
1019,2|C133,198.6775,84.30849,205.9205,90.80949,0,0,0,0,0,0,0.470867
1020,2|C134,198.4815,94.3875,205.7245,100.8885,0,0,0,0,0,0,0.470867
1021,2|C135,162.3195,47.0125,168.8205,54.2555,0,0,0,0,0,0,0.470867
1022,2|C136,154.6995,47.16549,161.2005,54.40849,0,0,0,0,0,0,0.470867
1023,2|C137,147.0795,47.4195,153.5805,54.6625,0,0,0,0,0,0,0.470867
1024,2|C138,162.3655,58.0805,168.8665,65.3235,0,0,0,0,0,0,0.470867
1025,2|C139,154.7455,57.72449,161.2465,64.96749,0,0,0,0,0,0,0.470867
1026,2|C14,181.6503,10.70433,184.0837,13.87133,0,0,0,0,0,0,0.077066
1027,2|C140,147.1255,57.4705,153.6265,64.7135,0,0,0,0,0,0,0.470867
1028,2|C141,154.6375,103.8395,174.4757,105.2802,0,0,0,0,0,0,0.285809
1029,2|C142,163.8518,115.6085,165.2925,135.4467,0,0,0,0,0,0,0.285809
1030,2|C143,93.232,6.23895,97.454,13.42507,0,0,0,0,0,0,0.303398
1031,2|C144,88.152,5.98495,92.374,13.17107,0,0,0,0,0,0,0.303398
1032,2|C145,82.564,5.73092,86.786,12.91704,0,0,0,0,0,0,0.303398
1033,2|C146,76.46799,5.47692,80.68999,12.66304,0,0,0,0,0,0,0.303398
1034,2|C147,93.232,15.33194,97.454,22.51806,0,0,0,0,0,0,0.303398
1035,2|C148,88.152,15.33194,92.374,22.51806,0,0,0,0,0,0,0.303398
1036,2|C149,82.564,15.33194,86.786,22.51806,0,0,0,0,0,0,0.303398
1037,2|C15,201.6373,15.23732,204.8043,17.67065,0,0,0,0,0,0,0.077064
1038,2|C150,76.46799,15.33194,80.68999,22.51806,0,0,0,0,0,0,0.303398
1039,2|C151,92.71494,24.409,99.90106,28.631,0,0,0,0,0,0,0.303398
1040,2|C152,83.62193,24.409,90.80805,28.631,0,0,0,0,0,0,0.303398
1041,2|C153,74.02094,24.409,81.20706,28.631,0,0,0,0,0,0,0.303398
1042,2|C154,93.7495,32.81295,96.9365,38.76902,0,0,0,0,0,0,0.18982
1043,2|C155,89.7365,32.55896,92.9235,38.51503,0,0,0,0,0,0,0.18982
1044,2|C156,85.21549,32.30497,88.40249,38.26104,0,0,0,0,0,0,0.18982
1045,2|C157,80.18549,32.05097,83.37249,38.00703,0,0,0,0,0,0,0.18982
1046,2|C158,93.7495,40.63596,96.9365,46.59203,0,0,0,0,0,0,0.18982
1047,2|C159,89.7365,40.63596,92.9235,46.59203,0,0,0,0,0,0,0.18982
1048,2|C16,197.1423,15.23732,200.3093,17.67065,0,0,0,0,0,0,0.077064
1049,2|C160,85.21549,40.63596,88.40249,46.59203,0,0,0,0,0,0,0.18982
1050,2|C161,80.18549,40.63596,83.37249,46.59203,0,0,0,0,0,0,0.18982
1051,2|C162,93.65996,48.4465,99.61603,51.6335,0,0,0,0,0,0,0.18982
1052,2|C163,85.83696,48.4465,91.79303,51.6335,0,0,0,0,0,0,0.18982
1053,2|C164,77.50595,48.4465,83.46202,51.6335,0,0,0,0,0,0,0.18982
1054,2|C165,93.893,55.7815,96.793,59.13249,0,0,0,0,0,0,0.097179
1055,2|C166,90.388,55.52751,93.288,58.8785,0,0,0,0,0,0,0.097179
1056,2|C167,86.375,55.27351,89.275,58.6245,0,0,0,0,0,0,0.097179
1057,2|C168,81.85299,55.01951,84.75299,58.3705,0,0,0,0,0,0,0.097179
1058,2|C169,93.893,61.01351,96.793,64.3645,0,0,0,0,0,0,0.097179
1059,2|C17,192.5193,15.23732,195.6863,17.67065,0,0,0,0,0,0,0.077064
1060,2|C170,90.388,61.01351,93.288,64.3645,0,0,0,0,0,0,0.097179
1061,2|C171,86.375,61.01351,89.275,64.3645,0,0,0,0,0,0,0.097179
1062,2|C172,81.85299,61.01351,84.75299,64.3645,0,0,0,0,0,0,0.097179
1063,2|C173,93.1335,66.11599,96.48449,69.01599,0,0,0,0,0,0,0.097179
1064,2|C174,87.90149,66.11599,91.25248,69.01599,0,0,0,0,0,0,0.097179
1065,2|C175,82.1615,66.11599,85.51249,69.01599,0,0,0,0,0,0,0.097179
1066,2|C176,94.4345,72.91263,96.2515,76.24137,0,0,0,0,0,0,0.060483
1067,2|C177,92.1485,72.65864,93.9655,75.98738,0,0,0,0,0,0,0.060483
1068,2|C178,89.3545,72.40462,91.1715,75.73336,0,0,0,0,0,0,0.060483
1069,2|C179,86.0525,72.15062,87.8695,75.47936,0,0,0,0,0,0,0.060483
1070,2|C18,187.6423,15.23732,190.8093,17.67065,0,0,0,0,0,0,0.077064
1071,2|C180,94.4345,77.83964,96.2515,81.16838,0,0,0,0,0,0,0.060483
1072,2|C181,92.1485,77.83964,93.9655,81.16838,0,0,0,0,0,0,0.060483
1073,2|C182,89.3545,77.83964,91.1715,81.16838,0,0,0,0,0,0,0.060483
1074,2|C183,86.0525,77.83964,87.8695,81.16838,0,0,0,0,0,0,0.060483
1075,2|C184,94.66963,82.7105,97.99837,84.5275,0,0,0,0,0,0,0.060483
1076,2|C185,89.74163,82.7105,93.07037,84.5275,0,0,0,0,0,0,0.060483
1077,2|C186,84.30563,82.7105,87.63437,84.5275,0,0,0,0,0,0,0.060483
1078,2|C187,39.2485,22.93651,46.4915,29.43751,0,0,0,0,0,0,0.470867
1079,2|C188,28.7835,22.93651,36.0265,29.43751,0,0,0,0,0,0,0.470867
1080,2|C189,39.4445,53.19349,46.6875,59.69449,0,0,0,0,0,0,0.470867
1081,2|C19,182.5113,15.23732,185.6783,17.67065,0,0,0,0,0,0,0.077064
1082,2|C190,28.9795,53.19349,36.2225,59.69449,0,0,0,0,0,0,0.470867
1083,2|C191,38.92343,97.91156,39.64057,99.39456,0,0,0,0,0,0,0.010635
1084,2|C192,35.04057,109.2864,36.52357,110.0036,0,0,0,0,0,0,0.010636
1085,2|C193,29.03243,94.79442,30.51543,95.51156,0,0,0,0,0,0,0.010635
1086,2|C194,25.41543,104.9034,26.13257,106.3864,0,0,0,0,0,0,0.010635
1087,2|C195,177.6389,57.32692,177.9291,57.92692,0,0,0,0,0,0,0.001741
1088,2|C196,177.6389,55.19392,177.9291,55.79392,0,0,0,0,0,0,0.001741
1089,2|C197,177.6389,53.31393,177.9291,53.91392,0,0,0,0,0,0,0.001741
1090,2|C198,177.6389,51.68893,177.9291,52.28892,0,0,0,0,0,0,0.001741
1091,2|C199,177.6389,50.18992,177.9291,50.78992,0,0,0,0,0,0,0.001741
1092,2|C2,200.1923,6.081315,202.6257,9.248315,0,0,0,0,0,0,0.077066
1093,2|C20,203.7944,22.36459,205.1616,25.24759,0,0,0,0,0,0,0.039416
1094,2|C200,175.9611,57.86391,176.5611,58.15406,0,0,0,0,0,0,0.001741
1095,2|C201,175.9611,55.93391,176.5611,56.22406,0,0,0,0,0,0,0.001741
1096,2|C202,175.9611,54.25791,176.5611,54.54806,0,0,0,0,0,0,0.001741
1097,2|C203,175.9611,52.83491,176.5611,53.12506,0,0,0,0,0,0,0.001741
1098,2|C204,175.9611,51.66691,176.5611,51.95706,0,0,0,0,0,0,0.001741
1099,2|C205,175.9611,50.75192,176.5611,51.04207,0,0,0,0,0,0,0.001741
1100,2|C206,175.9611,49.96491,176.5611,50.25506,0,0,0,0,0,0,0.001741
1101,2|C207,173.0661,57.86391,173.6661,58.15406,0,0,0,0,0,0,0.001741
1102,2|C208,173.3201,55.93391,173.9201,56.22406,0,0,0,0,0,0,0.001741
1103,2|C209,173.5741,54.25791,174.1741,54.54806,0,0,0,0,0,0,0.001741
1104,2|C21,201.6354,22.23758,203.0026,25.12058,0,0,0,0,0,0,0.039416
1105,2|C210,173.8281,52.83491,174.4281,53.12506,0,0,0,0,0,0,0.001741
1106,2|C211,174.0821,51.66691,174.6821,51.95706,0,0,0,0,0,0,0.001741
1107,2|C212,174.3361,50.75192,174.9361,51.04207,0,0,0,0,0,0,0.001741
1108,2|C213,174.4631,49.96491,175.0631,50.25506,0,0,0,0,0,0,0.001741
1109,2|C214,173.5339,41.90503,173.746,42.24703,0,0,0,0,0,0,0.000725
1110,2|C215,173.5339,40.15305,173.746,40.49505,0,0,0,0,0,0,0.000725
1111,2|C216,173.5339,38.65402,173.746,38.99602,0,0,0,0,0,0,0.000725
1112,2|C217,173.5339,37.41003,173.746,37.75203,0,0,0,0,0,0,0.000725
1113,2|C218,173.5339,36.29202,173.746,36.63402,0,0,0,0,0,0,0.000725
1114,2|C219,172.1999,42.72994,172.5419,42.94202,0,0,0,0,0,0,0.000725
1115,2|C22,199.3494,21.85656,200.7166,24.73956,0,0,0,0,0,0,0.039416
1116,2|C220,172.1999,40.92696,172.5419,41.13904,0,0,0,0,0,0,0.000725
1117,2|C221,172.1999,39.37795,172.5419,39.59003,0,0,0,0,0,0,0.000725
1118,2|C222,172.1999,38.08196,172.5419,38.29404,0,0,0,0,0,0,0.000725
1119,2|C223,172.1999,37.04095,172.5419,37.25303,0,0,0,0,0,0,0.000725
1120,2|C224,172.1999,36.25295,172.5419,36.46503,0,0,0,0,0,0,0.000725
1121,2|C225,172.1999,35.59295,172.5419,35.80503,0,0,0,0,0,0,0.000725
1122,2|C226,169.685,42.72994,170.0269,42.94202,0,0,0,0,0,0,0.000725
1123,2|C227,169.9389,40.92696,170.2809,41.13904,0,0,0,0,0,0,0.000725
1124,2|C228,170.1929,39.37795,170.5349,39.59003,0,0,0,0,0,0,0.000725
1125,2|C229,170.447,38.08196,170.789,38.29404,0,0,0,0,0,0,0.000725
1126,2|C23,196.8094,21.60257,198.1766,24.48557,0,0,0,0,0,0,0.039416
1127,2|C230,170.701,37.04095,171.043,37.25303,0,0,0,0,0,0,0.000725
1128,2|C231,170.955,36.25295,171.297,36.46503,0,0,0,0,0,0,0.000725
1129,2|C232,171.082,35.59295,171.424,35.80503,0,0,0,0,0,0,0.000725
1130,2|C24,194.0154,21.34857,195.3826,24.23157,0,0,0,0,0,0,0.039416
1131,2|C25,190.9674,21.09457,192.3346,23.97757,0,0,0,0,0,0,0.039416
1132,2|C26,187.6654,20.96759,189.0326,23.85059,0,0,0,0,0,0,0.039416
1133,2|C27,203.7944,26.86056,205.1616,29.74356,0,0,0,0,0,0,0.039416
1134,2|C28,201.6354,26.86056,203.0026,29.74356,0,0,0,0,0,0,0.039416
1135,2|C29,199.3494,26.86056,200.7166,29.74356,0,0,0,0,0,0,0.039416
1136,2|C3,196.9913,5.827315,199.4247,8.994315,0,0,0,0,0,0,0.077066
1137,2|C30,196.8094,26.86056,198.1766,29.74356,0,0,0,0,0,0,0.039416
1138,2|C31,194.0154,26.86056,195.3826,29.74356,0,0,0,0,0,0,0.039416
1139,2|C32,190.9674,26.86056,192.3346,29.74356,0,0,0,0,0,0,0.039416
1140,2|C33,187.6654,26.86056,189.0326,29.74356,0,0,0,0,0,0,0.039416
1141,2|C34,201.9696,31.31841,204.8526,32.68557,0,0,0,0,0,0,0.039415
1142,2|C35,197.5246,31.31841,200.4076,32.68557,0,0,0,0,0,0,0.039415
1143,2|C36,192.9016,31.31841,195.7846,32.68557,0,0,0,0,0,0,0.039415
1144,2|C37,188.0256,31.31841,190.9086,32.68557,0,0,0,0,0,0,0.039415
1145,2|C38,203.9444,37.35059,205.0116,39.21759,0,0,0,0,0,0,0.019925
1146,2|C39,202.0904,37.22357,203.1576,39.09057,0,0,0,0,0,0,0.019925
1147,2|C4,193.5373,5.573325,195.9707,8.740325,0,0,0,0,0,0,0.077066
1148,2|C40,200.1094,36.96957,201.1766,38.83657,0,0,0,0,0,0,0.019925
1149,2|C41,197.8734,36.71558,198.9406,38.58258,0,0,0,0,0,0,0.019925
1150,2|C42,195.3844,36.46158,196.4516,38.32858,0,0,0,0,0,0,0.019925
1151,2|C43,192.6414,36.20758,193.7086,38.07458,0,0,0,0,0,0,0.019925
1152,2|C44,189.6444,35.95358,190.7116,37.82058,0,0,0,0,0,0,0.019925
1153,2|C45,203.9444,40.62756,205.0116,42.49456,0,0,0,0,0,0,0.019925
1154,2|C46,202.0904,40.62756,203.1576,42.49456,0,0,0,0,0,0,0.019925
1155,2|C47,200.1094,40.62756,201.1766,42.49456,0,0,0,0,0,0,0.019925
1156,2|C48,197.8734,40.62756,198.9406,42.49456,0,0,0,0,0,0,0.019925
1157,2|C49,195.3844,40.62756,196.4516,42.49456,0,0,0,0,0,0,0.019925
1158,2|C5,189.8283,5.319325,192.2617,8.486325,0,0,0,0,0,0,0.077066
1159,2|C50,192.6414,40.62756,193.7086,42.49456,0,0,0,0,0,0,0.019925
1160,2|C51,189.6444,40.62756,190.7116,42.49456,0,0,0,0,0,0,0.019925
1161,2|C52,203.5196,43.96542,205.3866,45.03258,0,0,0,0,0,0,0.019924
1162,2|C53,200.2936,43.96542,202.1606,45.03258,0,0,0,0,0,0,0.019924
1163,2|C54,196.8896,43.96542,198.7566,45.03258,0,0,0,0,0,0,0.019924
1164,2|C55,193.2326,43.96542,195.0996,45.03258,0,0,0,0,0,0,0.019924
1165,2|C56,189.3206,43.96542,191.1876,45.03258,0,0,0,0,0,0,0.019924
1166,2|C57,204.1114,49.54843,204.8286,51.03143,0,0,0,0,0,0,0.010636
1167,2|C58,202.7144,49.42143,203.4316,50.90443,0,0,0,0,0,0,0.010636
1168,2|C59,201.1904,49.16743,201.9076,50.65043,0,0,0,0,0,0,0.010636
1169,2|C6,185.8663,5.065325,188.2997,8.232325,0,0,0,0,0,0,0.077066
1170,2|C60,199.4124,48.91343,200.1296,50.39643,0,0,0,0,0,0,0.010636
1171,2|C61,197.3804,48.65942,198.0976,50.14242,0,0,0,0,0,0,0.010636
1172,2|C62,195.0944,48.40542,195.8116,49.88842,0,0,0,0,0,0,0.010636
1173,2|C63,192.5544,48.15143,193.2716,49.63443,0,0,0,0,0,0,0.010636
1174,2|C64,204.1114,52.16443,204.8286,53.64743,0,0,0,0,0,0,0.010636
1175,2|C65,202.7144,52.16443,203.4316,53.64743,0,0,0,0,0,0,0.010636
1176,2|C66,201.1904,52.16443,201.9076,53.64743,0,0,0,0,0,0,0.010636
1177,2|C67,199.4124,52.16443,200.1296,53.64743,0,0,0,0,0,0,0.010636
1178,2|C68,197.3804,52.16443,198.0976,53.64743,0,0,0,0,0,0,0.010636
1179,2|C69,195.0944,52.16443,195.8116,53.64743,0,0,0,0,0,0,0.010636
1180,2|C7,181.6503,4.811325,184.0837,7.978325,0,0,0,0,0,0,0.077066
1181,2|C70,192.5544,52.16443,193.2716,53.64743,0,0,0,0,0,0,0.010636
1182,2|C71,203.7534,54.94343,205.2364,55.66057,0,0,0,0,0,0,0.010635
1183,2|C72,201.1374,54.94343,202.6204,55.66057,0,0,0,0,0,0,0.010635
1184,2|C73,198.3944,54.96943,199.8774,55.68657,0,0,0,0,0,0,0.010635
1185,2|C74,195.3974,54.94343,196.8804,55.66057,0,0,0,0,0,0,0.010635
1186,2|C75,192.1454,54.94343,193.6284,55.66057,0,0,0,0,0,0,0.010635
1187,2|C76,204.22,59.81348,204.728,60.73848,0,0,0,0,0,0,0.004699
1188,2|C77,203.179,59.68749,203.687,60.61249,0,0,0,0,0,0,0.004699
1189,2|C78,202.01,59.43349,202.518,60.35849,0,0,0,0,0,0,0.004699
1190,2|C79,200.588,59.17948,201.096,60.10448,0,0,0,0,0,0,0.004699
1191,2|C8,203.2653,10.70433,205.6987,13.87133,0,0,0,0,0,0,0.077066
1192,2|C80,198.911,58.92548,199.419,59.85048,0,0,0,0,0,0,0.004699
1193,2|C81,196.981,58.67148,197.489,59.59648,0,0,0,0,0,0,0.004699
1194,2|C82,194.797,58.41749,195.305,59.34249,0,0,0,0,0,0,0.004699
1195,2|C83,204.22,61.76949,204.728,62.69449,0,0,0,0,0,0,0.004699
1196,2|C84,203.179,61.76949,203.687,62.69449,0,0,0,0,0,0,0.004699
1197,2|C85,202.01,61.76949,202.518,62.69449,0,0,0,0,0,0,0.004699
1198,2|C86,200.588,61.76949,201.096,62.69449,0,0,0,0,0,0,0.004699
1199,2|C87,198.911,61.76949,199.419,62.69449,0,0,0,0,0,0,0.004699
1200,2|C88,196.981,61.76949,197.489,62.69449,0,0,0,0,0,0,0.004699
1201,2|C89,194.797,61.76949,195.305,62.69449,0,0,0,0,0,0,0.004699
1202,2|C9,200.1923,10.70433,202.6257,13.87133,0,0,0,0,0,0,0.077066
1203,2|C90,203.7825,63.85798,204.7075,64.36599,0,0,0,0,0,0,0.004699
1204,2|C91,201.8275,63.85798,202.7525,64.36599,0,0,0,0,0,0,0.004699
1205,2|C92,199.7445,63.85798,200.6695,64.366,0,0,0,0,0,0,0.004699
1206,2|C93,197.4075,63.85798,198.3325,64.366,0,0,0,0,0,0,0.004699
1207,2|C94,194.8165,63.85798,195.7415,64.366,0,0,0,0,0,0,0.004699
1208,2|C95,204.3289,68.63907,204.6191,69.23907,0,0,0,0,0,0,0.001741
1209,2|C96,203.5419,68.51207,203.8321,69.11207,0,0,0,0,0,0,0.001741
1210,2|C97,202.6269,68.25807,202.9171,68.85807,0,0,0,0,0,0,0.001741
1211,2|C98,201.4589,68.00406,201.7491,68.60406,0,0,0,0,0,0,0.001741
1212,2|C99,200.0359,67.75006,200.3261,68.35006,0,0,0,0,0,0,0.001741
1213,2|CN1,65.042,90.997,66.716,94.225,0,0,0,0,0,0,0.054037
1214,2|CN10,59.388,99.29201,62.616,100.966,0,0,0,0,0,0,0.054036
1215,2|CN11,55.375,99.29201,58.603,100.966,0,0,0,0,0,0,0.054036
1216,2|CN2,61.918,90.743,63.592,93.971,0,0,0,0,0,0,0.054037
1217,2|CN3,58.667,90.489,60.341,93.717,0,0,0,0,0,0,0.054037
1218,2|CN4,55.161,90.23501,56.835,93.46301,0,0,0,0,0,0,0.054037
1219,2|CN5,65.042,94.88299,66.716,98.11099,0,0,0,0,0,0,0.054037
1220,2|CN6,61.918,94.88299,63.592,98.11099,0,0,0,0,0,0,0.054037
1221,2|CN7,58.667,94.88299,60.341,98.11099,0,0,0,0,0,0,0.054037
1222,2|CN8,55.161,94.88299,56.835,98.11099,0,0,0,0,0,0,0.054037
1223,2|CN9,63.274,99.29201,66.502,100.966,0,0,0,0,0,0,0.054036
1224,2|D1,134.9475,111.6087,138.2885,116.4373,0,0,0,0,0,0,0.161324
1225,2|D10,127.0667,125.8145,131.8953,129.1555,0,0,0,0,0,0,0.161324
1226,2|D100,107.3141,124.305,109.4778,126.305,0,0,0,0,0,0,0.043274
1227,2|D101,114.7311,126.998,116.8948,128.998,0,0,0,0,0,0,0.043274
1228,2|D102,111.9932,127.598,114.1568,129.598,0,0,0,0,0,0,0.043272
1229,2|D103,107.3141,126.998,109.4778,128.998,0,0,0,0,0,0,0.043274
1230,2|D104,114.7311,130.198,116.8948,132.198,0,0,0,0,0,0,0.043274
1231,2|D105,111.2762,130.198,113.4398,132.198,0,0,0,0,0,0,0.043272
1232,2|D106,107.3141,130.198,109.4778,132.198,0,0,0,0,0,0,0.043274
1233,2|D107,114.5358,134.9065,116.9862,137.7215,0,0,0,0,0,0,0.068979
1234,2|D108,110.6238,134.9065,113.0742,137.7215,0,0,0,0,0,0,0.068979
1235,2|D109,106.2048,134.9065,108.6552,137.7215,0,0,0,0,0,0,0.068979
1236,2|D11,119.3957,125.8145,124.2243,129.1555,0,0,0,0,0,0,0.161324
1237,2|D110,114.5358,138.4115,116.9862,141.2265,0,0,0,0,0,0,0.068979
1238,2|D111,111.4438,139.0915,113.8942,141.9065,0,0,0,0,0,0,0.068979
1239,2|D112,106.2048,138.4115,108.6552,141.2265,0,0,0,0,0,0,0.068979
1240,2|D113,114.5358,142.4255,116.9862,145.2405,0,0,0,0,0,0,0.068979
1241,2|D114,110.6238,142.4255,113.0742,145.2405,0,0,0,0,0,0,0.068979
1242,2|D115,106.2048,142.4255,108.6552,145.2405,0,0,0,0,0,0,0.068979
1243,2|D12,135.334,133.2102,137.902,137.7118,0,0,0,0,0,0,0.115601
1244,2|D13,132.032,132.9562,134.6,137.4578,0,0,0,0,0,0,0.115601
1245,2|D14,128.222,132.7012,130.79,137.2028,0,0,0,0,0,0,0.115601
1246,2|D15,123.904,132.4482,126.472,136.9498,0,0,0,0,0,0,0.115601
1247,2|D16,135.334,139.2042,137.902,143.7058,0,0,0,0,0,0,0.115601
1248,2|D17,132.032,139.2042,134.6,143.7058,0,0,0,0,0,0,0.115601
1249,2|D18,128.222,139.2042,130.79,143.7058,0,0,0,0,0,0,0.115601
1250,2|D19,123.904,139.2042,126.472,143.7058,0,0,0,0,0,0,0.115601
1251,2|D2,130.5275,111.3547,133.8685,116.1833,0,0,0,0,0,0,0.161324
1252,2|D20,134.9002,145.327,139.4018,147.895,0,0,0,0,0,0,0.115601
1253,2|D21,128.9062,145.327,133.4078,147.895,0,0,0,0,0,0,0.115601
1254,2|D22,122.4042,145.327,126.9058,147.895,0,0,0,0,0,0,0.115601
1255,2|D23,114.9279,31.82588,117.4141,36.60612,0,0,0,0,0,0,0.118846
1256,2|D24,111.7279,31.57185,114.2141,36.35209,0,0,0,0,0,0,0.118846
1257,2|D25,108.0189,31.31785,110.5051,36.09809,0,0,0,0,0,0,0.118846
1258,2|D26,103.8029,31.06386,106.2891,35.8441,0,0,0,0,0,0,0.118846
1259,2|D27,114.9279,38.32786,117.4141,43.1081,0,0,0,0,0,0,0.118846
1260,2|D28,111.7279,38.32786,114.2141,43.1081,0,0,0,0,0,0,0.118846
1261,2|D29,108.0189,38.32786,110.5051,43.1081,0,0,0,0,0,0,0.118846
1262,2|D3,125.6005,111.1007,128.9415,115.9293,0,0,0,0,0,0,0.161324
1263,2|D30,103.8029,38.32786,106.2891,43.1081,0,0,0,0,0,0,0.118846
1264,2|D31,114.9749,44.83492,119.7551,47.32108,0,0,0,0,0,0,0.118843
1265,2|D32,108.4719,44.83492,113.2521,47.32108,0,0,0,0,0,0,0.118843
1266,2|D33,101.4619,44.83492,106.2421,47.32108,0,0,0,0,0,0,0.118843
1267,2|D34,115.546,51.18664,116.796,54.6333,0,0,0,0,0,0,0.043083
1268,2|D35,113.209,50.93264,114.459,54.3793,0,0,0,0,0,0,0.043083
1269,2|D36,110.364,50.67864,111.614,54.1253,0,0,0,0,0,0,0.043083
1270,2|D37,107.012,50.42463,108.262,53.87129,0,0,0,0,0,0,0.043083
1271,2|D38,115.546,56.21663,116.796,59.66329,0,0,0,0,0,0,0.043083
1272,2|D39,113.209,56.21663,114.459,59.66329,0,0,0,0,0,0,0.043083
1273,2|D4,120.1645,110.8467,123.5055,115.6753,0,0,0,0,0,0,0.161324
1274,2|D40,110.364,56.21663,111.614,59.66329,0,0,0,0,0,0,0.043083
1275,2|D41,107.012,56.21663,108.262,59.66329,0,0,0,0,0,0,0.043083
1276,2|D42,115.4636,61.50597,118.9103,62.756,0,0,0,0,0,0,0.043085
1277,2|D43,110.4346,61.50597,113.8813,62.756,0,0,0,0,0,0,0.043085
1278,2|D44,104.8976,61.50597,108.3443,62.756,0,0,0,0,0,0,0.043085
1279,2|D45,115.571,66.73732,116.771,68.80067,0,0,0,0,0,0,0.02476
1280,2|D46,113.488,66.48332,114.688,68.54667,0,0,0,0,0,0,0.02476
1281,2|D47,110.897,66.22932,112.097,68.29267,0,0,0,0,0,0,0.02476
1282,2|D48,107.799,65.97533,108.999,68.03868,0,0,0,0,0,0,0.02476
1283,2|D49,115.571,70.19234,116.771,72.25569,0,0,0,0,0,0,0.02476
1284,2|D5,134.9475,118.7717,138.2885,123.6003,0,0,0,0,0,0,0.161324
1285,2|D50,113.488,70.19234,114.688,72.25569,0,0,0,0,0,0,0.02476
1286,2|D51,110.897,70.19234,112.097,72.25569,0,0,0,0,0,0,0.02476
1287,2|D52,107.799,70.19234,108.999,72.25569,0,0,0,0,0,0,0.02476
1288,2|D53,114.9613,73.90096,117.0247,75.101,0,0,0,0,0,0,0.024762
1289,2|D54,111.5073,73.90096,113.5707,75.101,0,0,0,0,0,0,0.024762
1290,2|D55,107.5443,73.90096,109.6077,75.101,0,0,0,0,0,0,0.024762
1291,2|D56,115.4375,78.83284,116.9045,82.56319,0,0,0,0,0,0,0.054724
1292,2|D57,113.2535,78.57882,114.7205,82.30917,0,0,0,0,0,0,0.054724
1293,2|D58,110.5605,78.32482,112.0275,82.05517,0,0,0,0,0,0,0.054724
1294,2|D59,107.3605,78.07083,108.8275,81.80118,0,0,0,0,0,0,0.054724
1295,2|D6,130.5275,118.7717,133.8685,123.6003,0,0,0,0,0,0,0.161324
1296,2|D60,115.4375,83.70982,116.9045,87.44017,0,0,0,0,0,0,0.054724
1297,2|D61,113.2535,83.70982,114.7205,87.44017,0,0,0,0,0,0,0.054724
1298,2|D62,110.5605,83.70982,112.0275,87.44017,0,0,0,0,0,0,0.054724
1299,2|D63,107.3605,83.70982,108.8275,87.44017,0,0,0,0,0,0,0.054724
1300,2|D64,115.3978,88.88048,119.1282,90.34748,0,0,0,0,0,0,0.054725
1301,2|D65,110.5208,88.88048,114.2512,90.34748,0,0,0,0,0,0,0.054725
1302,2|D66,105.1368,88.88048,108.8672,90.34748,0,0,0,0,0,0,0.054725
1303,2|D67,115.6125,93.93382,116.7295,96.67217,0,0,0,0,0,0,0.030587
1304,2|D68,113.7325,93.67982,114.8495,96.41817,0,0,0,0,0,0,0.030587
1305,2|D69,111.3455,93.42582,112.4625,96.16417,0,0,0,0,0,0,0.030587
1306,2|D7,125.6005,118.7717,128.9415,123.6003,0,0,0,0,0,0,0.161324
1307,2|D70,108.4495,93.17182,109.5665,95.91017,0,0,0,0,0,0,0.030587
1308,2|D71,115.6125,97.54083,116.7295,100.2792,0,0,0,0,0,0,0.030588
1309,2|D72,113.7325,97.54083,114.8495,100.2792,0,0,0,0,0,0,0.030588
1310,2|D73,111.3455,97.54083,112.4625,100.2792,0,0,0,0,0,0,0.030588
1311,2|D74,108.4495,97.54083,109.5665,100.2792,0,0,0,0,0,0,0.030588
1312,2|D75,115.0808,101.6025,117.8192,102.7195,0,0,0,0,0,0,0.030588
1313,2|D76,111.4748,101.6025,114.2132,102.7195,0,0,0,0,0,0,0.030588
1314,2|D77,107.3598,101.6025,110.0982,102.7195,0,0,0,0,0,0,0.030588
1315,2|D78,115.846,106.4133,116.496,108.0187,0,0,0,0,0,0,0.010435
1316,2|D79,114.474,106.1593,115.124,107.7647,0,0,0,0,0,0,0.010435
1317,2|D8,120.1645,118.7717,123.5055,123.6003,0,0,0,0,0,0,0.161324
1318,2|D80,112.595,105.9053,113.245,107.5107,0,0,0,0,0,0,0.010435
1319,2|D81,110.207,105.6513,110.857,107.2567,0,0,0,0,0,0,0.010435
1320,2|D82,115.846,109.0043,116.496,110.6097,0,0,0,0,0,0,0.010435
1321,2|D83,114.474,109.0043,115.124,110.6097,0,0,0,0,0,0,0.010435
1322,2|D84,112.595,109.0043,113.245,110.6097,0,0,0,0,0,0,0.010435
1323,2|D85,110.207,109.0043,110.857,110.6097,0,0,0,0,0,0,0.010435
1324,2|D86,115.3933,111.971,116.9987,112.621,0,0,0,0,0,0,0.010435
1325,2|D87,112.8033,111.971,114.4087,112.621,0,0,0,0,0,0,0.010435
1326,2|D88,109.7043,111.971,111.3097,112.621,0,0,0,0,0,0,0.010435
1327,2|D89,115.006,115.1425,116.728,116.6595,0,0,0,0,0,0,0.026123
1328,2|D9,134.2287,125.8145,139.0573,129.1555,0,0,0,0,0,0,0.161324
1329,2|D90,111.959,115.1425,113.681,116.6595,0,0,0,0,0,0,0.026123
1330,2|D91,108.403,115.1425,110.125,116.6595,0,0,0,0,0,0,0.026123
1331,2|D92,115.006,117.3775,116.728,118.8945,0,0,0,0,0,0,0.026123
1332,2|D93,112.565,117.8375,114.287,119.3545,0,0,0,0,0,0,0.026123
1333,2|D94,108.403,117.3775,110.125,118.8945,0,0,0,0,0,0,0.026123
1334,2|D95,115.006,120.0955,116.728,121.6125,0,0,0,0,0,0,0.026123
1335,2|D96,111.959,120.1205,113.681,121.6375,0,0,0,0,0,0,0.026123
1336,2|D97,108.403,120.1205,110.125,121.6375,0,0,0,0,0,0,0.026123
1337,2|D98,114.7311,124.305,116.8948,126.305,0,0,0,0,0,0,0.043274
1338,2|D99,111.2762,124.305,113.4398,126.305,0,0,0,0,0,0,0.043272
1339,2|IC1,147.2761,74.20802,153.3359,78.98202,0,0,0,0,0,0,0.289295
1340,2|IC10,146.7958,142.0765,152.6022,145.8115,0,0,0,0,0,0,0.216869
1341,2|IC11,62.85818,9.22949,68.89982,13.99049,0,0,0,0,0,0,0.287642
1342,2|IC12,54.42518,9.22949,60.46682,13.99049,0,0,0,0,0,0,0.287642
1343,2|IC13,62.85818,16.84949,68.89982,21.61049,0,0,0,0,0,0,0.287642
1344,2|IC14,54.42518,16.84949,60.46682,21.61049,0,0,0,0,0,0,0.287642
1345,2|IC15,62.78188,24.45349,68.97612,34.32649,0,0,0,0,0,0,0.611557
1346,2|IC16,54.34888,24.45349,60.54312,34.32649,0,0,0,0,0,0,0.611557
1347,2|IC17,62.78188,37.1535,68.97612,47.0265,0,0,0,0,0,0,0.611557
1348,2|IC18,54.34888,37.1535,60.54312,47.0265,0,0,0,0,0,0,0.611557
1349,2|IC19,62.5175,49.972,70.0525,57.068,0,0,0,0,0,0,0.534684
1350,2|IC2,146.0621,81.39797,152.1219,86.17197,0,0,0,0,0,0,0.289295
1351,2|IC20,53.27249,49.972,60.80749,57.068,0,0,0,0,0,0,0.534684
1352,2|IC21,62.5175,60.132,70.0525,67.228,0,0,0,0,0,0,0.534684
1353,2|IC22,53.27249,60.132,60.80749,67.228,0,0,0,0,0,0,0.534684
1354,2|IC23,62.3705,70.11849,68.7775,76.54549,0,0,0,0,0,0,0.411778
1355,2|IC24,54.54749,70.11849,60.95449,76.54549,0,0,0,0,0,0,0.411778
1356,2|IC25,62.3705,79.26249,68.7775,85.68949,0,0,0,0,0,0,0.411778
1357,2|IC26,54.54749,79.26249,60.95449,85.68949,0,0,0,0,0,0,0.411778
1358,2|IC27,39.40214,9.86649,46.53386,13.35349,0,0,0,0,0,0,0.248683
1359,2|IC28,28.93714,9.86649,36.06886,13.35349,0,0,0,0,0,0,0.248683
1360,2|IC29,39.40214,16.4195,46.53386,19.9065,0,0,0,0,0,0,0.248683
1361,2|IC3,150.0056,88.58079,150.9148,96.24142,0,0,0,0,0,0,0.06965
1362,2|IC30,28.93714,16.4195,36.06886,19.9065,0,0,0,0,0,0,0.248683
1363,2|IC31,41.2245,32.53013,44.7115,39.66185,0,0,0,0,0,0,0.248683
1364,2|IC32,35.99249,32.53013,39.47949,39.66185,0,0,0,0,0,0,0.248683
1365,2|IC33,30.7595,32.53013,34.2465,39.66185,0,0,0,0,0,0,0.248683
1366,2|IC34,41.2245,42.96914,44.7115,50.10086,0,0,0,0,0,0,0.248683
1367,2|IC35,35.99249,42.96914,39.47949,50.10086,0,0,0,0,0,0,0.248683
1368,2|IC36,30.7595,42.96914,34.2465,50.10086,0,0,0,0,0,0,0.248683
1369,2|IC37,17.71939,52.95901,25.03663,60.27895,0,0,0,0,0,0,0.535618
1370,2|IC38,8.829375,52.95905,16.14661,60.27899,0,0,0,0,0,0,0.535617
1371,2|IC39,27.76102,64.18027,43.69694,79.53768,0,0,0,0,0,0,2.447345
1372,2|IC4,145.9666,101.7056,153.6272,102.6148,0,0,0,0,0,0,0.06965
1373,2|IC40,8.619275,63.89105,23.97668,79.82697,0,0,0,0,0,0,2.447344
1374,2|IC41,34.97799,83.8706,43.338,92.86741,0,0,0,0,0,0,0.752134
1375,2|IC42,22.59459,84.189,31.5914,92.54901,0,0,0,0,0,0,0.752134
1376,2|IC43,9.347375,84.22962,18.1686,92.50838,0,0,0,0,0,0,0.730288
1377,2|IC44,26.76224,102.1472,38.85376,102.5308,0,0,0,0,0,0,0.046383
1378,2|IC45,18.615,98.31599,21.601,101.282,0,0,0,0,0,0,0.088565
1379,2|IC46,18.625,104.656,21.591,107.642,0,0,0,0,0,0,0.088565
1380,2|IC5,147.781,106.0171,152.555,112.0769,0,0,0,0,0,0,0.289295
1381,2|IC6,146.843,114.8511,151.617,120.9109,0,0,0,0,0,0,0.289295
1382,2|IC7,156.2057,136.7605,157.6703,143.5074,0,0,0,0,0,0,0.098815
1383,2|IC8,146.7958,127.4715,152.6022,131.2065,0,0,0,0,0,0,0.216869
1384,2|IC9,147.8315,133.4208,151.5665,139.2272,0,0,0,0,0,0,0.216869
1385,2|L1,172.5307,130.457,172.8899,147.2366,0,0,0,0,0,0,0.060272
1386,2|L10,134.186,13.36551,137.602,15.79851,0,0,0,0,0,0,0.083111
1387,2|L11,129.563,13.36551,132.979,15.79851,0,0,0,0,0,0,0.083111
1388,2|L12,124.432,13.36551,127.848,15.79851,0,0,0,0,0,0,0.083111
1389,2|L13,135.9015,19.83801,137.3265,22.83801,0,0,0,0,0,0,0.04275
1390,2|L14,133.4635,19.58401,134.8885,22.58401,0,0,0,0,0,0,0.04275
1391,2|L15,130.5165,19.33002,131.9415,22.33002,0,0,0,0,0,0,0.04275
1392,2|L16,127.0625,19.07602,128.4875,22.07602,0,0,0,0,0,0,0.04275
1393,2|L17,135.9015,24.53701,137.3265,27.53701,0,0,0,0,0,0,0.04275
1394,2|L18,133.4635,24.53701,134.8885,27.53701,0,0,0,0,0,0,0.04275
1395,2|L19,130.5165,24.53701,131.9415,27.53701,0,0,0,0,0,0,0.04275
1396,2|L2,135.4015,3.805975,137.8345,7.221985,0,0,0,0,0,0,0.083112
1397,2|L20,127.0625,24.53701,128.4875,27.53701,0,0,0,0,0,0,0.04275
1398,2|L21,135.651,29.44346,138.651,30.86851,0,0,0,0,0,0,0.042752
1399,2|L22,130.952,29.44346,133.952,30.86851,0,0,0,0,0,0,0.042752
1400,2|L23,125.745,29.44346,128.745,30.86851,0,0,0,0,0,0,0.042752
1401,2|L24,136.001,34.93449,137.243,36.90149,0,0,0,0,0,0,0.02443
1402,2|L25,134.274,34.6805,135.516,36.6475,0,0,0,0,0,0,0.02443
1403,2|L26,132.039,34.42647,133.281,36.39347,0,0,0,0,0,0,0.02443
1404,2|L27,129.295,34.17246,130.537,36.13946,0,0,0,0,0,0,0.02443
1405,2|L28,136.001,38.43946,137.243,40.40646,0,0,0,0,0,0,0.02443
1406,2|L29,134.274,38.43946,135.516,40.40646,0,0,0,0,0,0,0.02443
1407,2|L3,132.1755,3.551985,134.6085,6.967995,0,0,0,0,0,0,0.083112
1408,2|L30,132.039,38.43946,133.281,40.40646,0,0,0,0,0,0,0.02443
1409,2|L31,129.295,38.43946,130.537,40.40646,0,0,0,0,0,0,0.02443
1410,2|L32,136.0405,41.92199,138.0075,43.16402,0,0,0,0,0,0,0.024431
1411,2|L33,132.5355,41.92199,134.5025,43.16402,0,0,0,0,0,0,0.024431
1412,2|L34,128.5225,41.92199,130.4895,43.16402,0,0,0,0,0,0,0.024431
1413,2|L35,136.2471,46.77183,136.9971,48.32183,0,0,0,0,0,0,0.011625
1414,2|L36,134.7741,46.51783,135.5241,48.06783,0,0,0,0,0,0,0.011625
1415,2|L37,132.7931,46.26382,133.5431,47.81382,0,0,0,0,0,0,0.011625
1416,2|L38,130.3031,46.00982,131.0531,47.55982,0,0,0,0,0,0,0.011625
1417,2|L39,136.2471,49.46382,136.9971,51.01382,0,0,0,0,0,0,0.011625
1418,2|L4,128.4415,3.297985,130.8745,6.713995,0,0,0,0,0,0,0.083112
1419,2|L40,134.7741,49.46382,135.5241,51.01382,0,0,0,0,0,0,0.011625
1420,2|L41,132.7931,49.46382,133.5431,51.01382,0,0,0,0,0,0,0.011625
1421,2|L43,135.8138,52.45484,137.3638,53.20484,0,0,0,0,0,0,0.011625
1422,2|L44,133.1208,52.45484,134.6708,53.20484,0,0,0,0,0,0,0.011625
1423,2|L45,129.9208,52.45484,131.4708,53.20484,0,0,0,0,0,0,0.011625
1424,2|L5,124.2005,3.043985,126.6335,6.459995,0,0,0,0,0,0,0.083112
1425,2|L52,130.3031,49.46382,131.0531,51.01382,0,0,0,0,0,0,0.011625
1426,2|L6,135.4015,8.428995,137.8345,11.84501,0,0,0,0,0,0,0.083112
1427,2|L7,132.1755,8.428995,134.6085,11.84501,0,0,0,0,0,0,0.083112
1428,2|L8,128.4415,8.428995,130.8745,11.84501,0,0,0,0,0,0,0.083112
1429,2|L9,124.2005,8.428995,126.6335,11.84501,0,0,0,0,0,0,0.083112
1430,2|LED1,135.1805,57.33422,138.0555,60.67978,0,0,0,0,0,0,0.096185
1431,2|LED10,129.2552,67.57648,132.6008,70.45148,0,0,0,0,0,0,0.096186
1432,2|LED11,123.5152,67.57648,126.8608,70.45148,0,0,0,0,0,0,0.096186
1433,2|LED12,135.8513,74.29468,137.4347,77.39936,0,0,0,0,0,0,0.04916
1434,2|LED13,133.6163,74.04067,135.1997,77.14535,0,0,0,0,0,0,0.04916
1435,2|LED14,130.8733,73.78669,132.4567,76.89137,0,0,0,0,0,0,0.04916
1436,2|LED15,127.6223,73.53269,129.2057,76.63737,0,0,0,0,0,0,0.04916
1437,2|LED16,135.8513,78.91668,137.4347,82.02136,0,0,0,0,0,0,0.04916
1438,2|LED17,133.6163,78.91668,135.1997,82.02136,0,0,0,0,0,0,0.04916
1439,2|LED18,130.8733,78.91669,132.4567,82.02137,0,0,0,0,0,0,0.04916
1440,2|LED19,127.6223,78.91669,129.2057,82.02137,0,0,0,0,0,0,0.04916
1441,2|LED2,131.7265,57.08022,134.6015,60.42578,0,0,0,0,0,0,0.096185
1442,2|LED20,135.8527,83.61531,138.9574,85.19866,0,0,0,0,0,0,0.049158
1443,2|LED21,131.2307,83.61532,134.3354,85.19867,0,0,0,0,0,0,0.049158
1444,2|LED22,126.0997,83.61532,129.2044,85.19867,0,0,0,0,0,0,0.049158
1445,2|LED23,135.9763,89.07151,137.2597,91.01851,0,0,0,0,0,0,0.024988
1446,2|LED24,134.0463,88.81751,135.3297,90.76451,0,0,0,0,0,0,0.024988
1447,2|LED25,131.6073,88.56352,132.8907,90.51052,0,0,0,0,0,0,0.024988
1448,2|LED26,128.6613,88.30953,129.9447,90.25653,0,0,0,0,0,0,0.024988
1449,2|LED27,135.9763,92.47552,137.2597,94.42252,0,0,0,0,0,0,0.024988
1450,2|LED28,134.0463,92.47552,135.3297,94.42252,0,0,0,0,0,0,0.024988
1451,2|LED29,131.6073,92.47553,132.8907,94.42253,0,0,0,0,0,0,0.024988
1452,2|LED3,127.7635,56.82622,130.6385,60.17178,0,0,0,0,0,0,0.096185
1453,2|LED30,128.6613,92.47553,129.9447,94.42253,0,0,0,0,0,0,0.024988
1454,2|LED31,135.6445,95.98232,137.5915,97.26566,0,0,0,0,0,0,0.024987
1455,2|LED32,132.2405,95.98232,134.1875,97.26566,0,0,0,0,0,0,0.024987
1456,2|LED33,128.3295,95.98232,130.2765,97.26566,0,0,0,0,0,0,0.024987
1457,2|LED34,136.193,101.0557,137.043,102.3523,0,0,0,0,0,0,0.011021
1458,2|LED35,134.72,100.8017,135.57,102.0983,0,0,0,0,0,0,0.011021
1459,2|LED36,132.739,100.5477,133.589,101.8443,0,0,0,0,0,0,0.011021
1460,2|LED37,130.249,100.2937,131.099,101.5904,0,0,0,0,0,0,0.011022
1461,2|LED38,136.193,103.6967,137.043,104.9933,0,0,0,0,0,0,0.011021
1462,2|LED39,134.72,103.6967,135.57,104.9933,0,0,0,0,0,0,0.011021
1463,2|LED4,123.2935,56.57222,126.1685,59.91778,0,0,0,0,0,0,0.096185
1464,2|LED40,132.739,103.6967,133.589,104.9933,0,0,0,0,0,0,0.011021
1465,2|LED41,130.249,103.6967,131.099,104.9934,0,0,0,0,0,0,0.011022
1466,2|LED42,135.8937,106.486,137.1904,107.336,0,0,0,0,0,0,0.011022
1467,2|LED43,133.2517,106.486,134.5484,107.336,0,0,0,0,0,0,0.011022
1468,2|LED44,130.1027,106.486,131.3994,107.336,0,0,0,0,0,0,0.011022
1469,2|LED5,135.1805,62.56621,138.0555,65.91177,0,0,0,0,0,0,0.096185
1470,2|LED6,131.7265,62.56621,134.6015,65.91177,0,0,0,0,0,0,0.096185
1471,2|LED7,127.7635,62.56621,130.6385,65.91177,0,0,0,0,0,0,0.096185
1472,2|LED8,123.2935,62.56621,126.1685,65.91177,0,0,0,0,0,0,0.096185
1473,2|LED9,134.4882,67.57648,137.8338,70.45148,0,0,0,0,0,0,0.096186
1474,2|Q1,168.954,63.48034,179.663,78.92164,0,0,0,0,0,0,1.653609
1475,2|Q2,88.09679,125.5667,94.99919,132.0307,0,0,0,0,0,0,0.446171
1476,2|Q3,78.8458,125.3273,85.7482,131.7913,0,0,0,0,0,0,0.446171
1477,2|R1,190.3672,81.20826,190.8253,81.41563,0,0,0,0,0,0,0.00095
1478,2|R10,185.5904,82.35518,185.7977,82.81332,0,0,0,0,0,0,0.00095
1479,2|R100,199.3679,129.7261,200.8721,132.8261,0,0,0,0,0,0,0.04663
1480,2|R101,196.1169,129.7261,197.6211,132.8261,0,0,0,0,0,0,0.04663
1481,2|R102,193.1199,129.7261,194.6241,132.8261,0,0,0,0,0,0,0.04663
1482,2|R103,190.3759,129.7261,191.8801,132.8261,0,0,0,0,0,0,0.04663
1483,2|R104,187.8869,129.7261,189.3911,132.8261,0,0,0,0,0,0,0.04663
1484,2|R105,185.6519,129.7261,187.1561,132.8261,0,0,0,0,0,0,0.04663
1485,2|R106,183.5439,129.7261,185.0481,132.8261,0,0,0,0,0,0,0.04663
1486,2|R107,199.3679,135.5681,200.8721,138.6681,0,0,0,0,0,0,0.04663
1487,2|R108,196.1169,135.3141,197.6211,138.4141,0,0,0,0,0,0,0.04663
1488,2|R109,193.1199,135.0601,194.6241,138.1601,0,0,0,0,0,0,0.04663
1489,2|R11,184.8284,82.35518,185.0357,82.81332,0,0,0,0,0,0,0.00095
1490,2|R110,190.3759,134.8061,191.8801,137.9061,0,0,0,0,0,0,0.04663
1491,2|R111,187.8869,134.5521,189.3911,137.6521,0,0,0,0,0,0,0.04663
1492,2|R112,185.6519,134.2981,187.1561,137.3981,0,0,0,0,0,0,0.04663
1493,2|R113,183.5439,134.1711,185.0481,137.2711,0,0,0,0,0,0,0.04663
1494,2|R114,171.8698,21.87799,173.9519,23.17576,0,0,0,0,0,0,0.027021
1495,2|R115,171.5443,24.67337,173.8201,25.58988,0,0,0,0,0,0,0.020858
1496,2|R116,170.8044,27.40355,173.2048,27.91096,0,0,0,0,0,0,0.01218
1497,2|R117,169.6731,29.98433,172.1251,30.06722,0,0,0,0,0,0,0.002032
1498,2|R118,168.1851,31.99514,170.6142,32.3393,0,0,0,0,0,0,0.00836
1499,2|R119,166.3841,33.63522,168.7165,34.39596,0,0,0,0,0,0,0.017744
1500,2|R12,184.1934,82.35518,184.4007,82.81332,0,0,0,0,0,0,0.00095
1501,2|R120,164.3256,34.93782,166.4905,36.09203,0,0,0,0,0,0,0.024987
1502,2|R121,162.0721,35.86294,164.0037,37.37555,0,0,0,0,0,0,0.029218
1503,2|R122,159.6932,36.382,161.3328,38.20705,0,0,0,0,0,0,0.029924
1504,2|R123,157.2592,36.48082,158.557,38.56285,0,0,0,0,0,0,0.027021
1505,2|R124,154.8451,36.1553,155.7616,38.43106,0,0,0,0,0,0,0.020857
1506,2|R125,152.525,35.41642,153.0325,37.81675,0,0,0,0,0,0,0.012182
1507,2|R126,150.3678,34.28505,150.4507,36.73703,0,0,0,0,0,0,0.002033
1508,2|R127,148.0957,32.79604,148.4398,35.22516,0,0,0,0,0,0,0.008359
1509,2|R128,146.039,30.99505,146.7997,33.3275,0,0,0,0,0,0,0.017743
1510,2|R129,144.3429,28.93659,145.4972,31.10151,0,0,0,0,0,0,0.02499
1511,2|R13,191.1784,84.86919,191.3857,85.32733,0,0,0,0,0,0,0.00095
1512,2|R130,143.0605,26.68416,144.5731,28.61576,0,0,0,0,0,0,0.029217
1513,2|R131,142.2279,24.30418,144.053,25.94377,0,0,0,0,0,0,0.029924
1514,2|R132,141.8721,21.87022,143.9542,23.16799,0,0,0,0,0,0,0.027021
1515,2|R133,142.0039,19.4571,144.2797,20.37361,0,0,0,0,0,0,0.020858
1516,2|R134,142.6192,17.13602,145.0196,17.64343,0,0,0,0,0,0,0.01218
1517,2|R135,143.6979,14.97876,146.1499,15.06165,0,0,0,0,0,0,0.002032
1518,2|R136,145.2098,12.70769,147.6389,13.05185,0,0,0,0,0,0,0.00836
1519,2|R137,147.1075,10.65102,149.4399,11.41176,0,0,0,0,0,0,0.017744
1520,2|R138,149.3335,8.954954,151.4984,10.10916,0,0,0,0,0,0,0.024987
1521,2|R139,151.8202,7.671443,153.7518,9.184052,0,0,0,0,0,0,0.029218
1522,2|R14,189.4004,84.61519,189.6077,85.07333,0,0,0,0,0,0,0.00095
1523,2|R140,154.4912,6.838919,156.1308,8.663968,0,0,0,0,0,0,0.029924
1524,2|R141,157.267,6.483127,158.5648,8.565162,0,0,0,0,0,0,0.027021
1525,2|R142,160.0624,6.614912,160.9789,8.890671,0,0,0,0,0,0,0.020857
1526,2|R143,162.7915,7.230235,163.2989,9.630571,0,0,0,0,0,0,0.012179
1527,2|R144,165.3733,8.309951,165.4562,10.76193,0,0,0,0,0,0,0.002033
1528,2|R145,167.3842,9.821819,167.7283,12.25094,0,0,0,0,0,0,0.008359
1529,2|R146,169.0242,11.71949,169.785,14.05194,0,0,0,0,0,0,0.017745
1530,2|R147,170.3258,13.94447,171.4801,16.10939,0,0,0,0,0,0,0.02499
1531,2|R148,171.2509,16.43122,172.7635,18.36282,0,0,0,0,0,0,0.029217
1532,2|R149,171.771,19.10321,173.5961,20.7428,0,0,0,0,0,0,0.029924
1533,2|R15,187.8764,84.3612,188.0837,84.81934,0,0,0,0,0,0,0.00095
1534,2|R150,167.6502,22.10177,169.1832,22.9362,0,0,0,0,0,0,0.012792
1535,2|R151,167.43,24.06609,169.0846,24.62164,0,0,0,0,0,0,0.009192
1536,2|R152,166.9218,25.98296,168.6478,26.24274,0,0,0,0,0,0,0.004484
1537,2|R153,166.1387,27.74995,167.8835,27.79381,0,0,0,0,0,0,0.000765
1538,2|R154,165.1058,29.09986,166.8165,29.44605,0,0,0,0,0,0,0.005922
1539,2|R155,163.8548,30.24903,165.4794,30.88702,0,0,0,0,0,0,0.010365
1540,2|R156,162.4233,31.16386,163.9124,32.07427,0,0,0,0,0,0,0.013557
1541,2|R157,160.8542,31.81547,162.1626,32.97063,0,0,0,0,0,0,0.015114
1542,2|R158,159.1958,32.18553,160.2837,33.55035,0,0,0,0,0,0,0.014848
1543,2|R159,157.4988,32.2612,158.3332,33.79421,0,0,0,0,0,0,0.012791
1544,2|R16,186.6064,84.1072,186.8137,84.56534,0,0,0,0,0,0,0.00095
1545,2|R160,155.8144,32.04202,156.3699,33.69664,0,0,0,0,0,0,0.009191
1546,2|R161,154.1933,31.53282,154.453,33.25877,0,0,0,0,0,0,0.004482
1547,2|R162,152.6412,30.75065,152.685,32.49549,0,0,0,0,0,0,0.000764
1548,2|R163,150.9899,29.71782,151.3361,31.42853,0,0,0,0,0,0,0.005922
1549,2|R164,149.548,28.46678,150.1859,30.09139,0,0,0,0,0,0,0.010363
1550,2|R165,148.3617,27.03424,149.2721,28.52339,0,0,0,0,0,0,0.013557
1551,2|R166,147.4644,25.46616,148.6195,26.77459,0,0,0,0,0,0,0.015114
1552,2|R167,146.8846,23.80777,148.2495,24.89573,0,0,0,0,0,0,0.01485
1553,2|R168,146.6408,22.10978,148.1738,22.94421,0,0,0,0,0,0,0.012792
1554,2|R169,146.7384,20.42534,148.393,20.98089,0,0,0,0,0,0,0.009192
1555,2|R17,185.5904,83.8532,185.7977,84.31134,0,0,0,0,0,0,0.00095
1556,2|R170,147.1762,18.80424,148.9022,19.06402,0,0,0,0,0,0,0.004484
1557,2|R171,147.9405,17.25217,149.6853,17.29603,0,0,0,0,0,0,0.000765
1558,2|R172,149.0064,15.60093,150.7172,15.94712,0,0,0,0,0,0,0.005923
1559,2|R173,150.3446,14.15996,151.9692,14.79795,0,0,0,0,0,0,0.010365
1560,2|R174,151.9116,12.97271,153.4007,13.88312,0,0,0,0,0,0,0.013557
1561,2|R175,153.6614,12.07635,154.9698,13.23151,0,0,0,0,0,0,0.015114
1562,2|R176,155.5403,11.49663,156.6282,12.86145,0,0,0,0,0,0,0.014848
1563,2|R177,157.4908,11.25177,158.3252,12.78478,0,0,0,0,0,0,0.012791
1564,2|R178,159.4541,11.35034,160.0096,13.00496,0,0,0,0,0,0,0.009191
1565,2|R179,161.3709,11.78821,161.6307,13.51416,0,0,0,0,0,0,0.004484
1566,2|R18,184.8284,83.5992,185.0357,84.05734,0,0,0,0,0,0,0.00095
1567,2|R180,163.139,12.55149,163.1828,14.29633,0,0,0,0,0,0,0.000764
1568,2|R181,164.4879,13.61845,164.834,15.32916,0,0,0,0,0,0,0.005921
1569,2|R182,165.637,14.95559,166.275,16.5802,0,0,0,0,0,0,0.010365
1570,2|R183,166.5519,16.52259,167.4623,18.01174,0,0,0,0,0,0,0.013557
1571,2|R184,167.2045,18.27239,168.3596,19.58082,0,0,0,0,0,0,0.015114
1572,2|R185,167.5735,20.15125,168.9384,21.23921,0,0,0,0,0,0,0.01485
1573,2|R186,164.4333,22.29046,165.3884,22.75573,0,0,0,0,0,0,0.004444
1574,2|R187,164.2941,23.59272,165.3155,23.88507,0,0,0,0,0,0,0.002986
1575,2|R188,163.9605,24.86244,165.0172,24.97299,0,0,0,0,0,0,0.001168
1576,2|R189,163.4431,25.9852,164.5028,26.0598,0,0,0,0,0,0,0.000791
1577,2|R19,184.1934,83.47219,184.4007,83.93033,0,0,0,0,0,0,0.00095
1578,2|R190,162.7577,26.89357,163.7884,27.15107,0,0,0,0,0,0,0.002654
1579,2|R191,161.925,27.66888,162.8953,28.10145,0,0,0,0,0,0,0.004197
1580,2|R192,160.9711,28.28781,161.8516,28.8823,0,0,0,0,0,0,0.005234
1581,2|R193,159.9236,28.73075,160.6874,29.46911,0,0,0,0,0,0,0.00564
1582,2|R194,158.8147,28.98598,159.4387,29.84576,0,0,0,0,0,0,0.005365
1583,2|R195,157.6793,29.04428,158.1445,29.99937,0,0,0,0,0,0,0.004443
1584,2|R196,156.5499,28.90515,156.8423,29.92652,0,0,0,0,0,0,0.002986
1585,2|R197,155.463,28.57155,155.5736,29.62817,0,0,0,0,0,0,0.001169
1586,2|R198,154.3752,28.05507,154.4498,29.11483,0,0,0,0,0,0,0.000791
1587,2|R199,153.2839,27.36967,153.5414,28.40038,0,0,0,0,0,0,0.002654
1588,2|R2,188.6142,81.20826,189.0723,81.41563,0,0,0,0,0,0,0.00095
1589,2|R20,191.5018,88.00616,192.1288,88.38362,0,0,0,0,0,0,0.002367
1590,2|R200,152.3345,26.53699,152.7671,27.50733,0,0,0,0,0,0,0.004198
1591,2|R201,151.5537,25.58208,152.1482,26.46255,0,0,0,0,0,0,0.005234
1592,2|R202,150.9659,24.53558,151.7042,25.29945,0,0,0,0,0,0,0.00564
1593,2|R203,150.5892,23.42666,151.449,24.05071,0,0,0,0,0,0,0.005366
1594,2|R204,150.4356,22.29025,151.3907,22.75552,0,0,0,0,0,0,0.004444
1595,2|R205,150.5085,21.16191,151.5299,21.45426,0,0,0,0,0,0,0.002986
1596,2|R206,150.8068,20.07403,151.8634,20.18458,0,0,0,0,0,0,0.001168
1597,2|R207,151.3212,18.98618,152.3809,19.06078,0,0,0,0,0,0,0.000791
1598,2|R208,152.0356,17.89591,153.0663,18.15341,0,0,0,0,0,0,0.002654
1599,2|R209,152.9277,16.94553,153.898,17.3781,0,0,0,0,0,0,0.004197
1600,2|R21,189.3688,88.00616,189.9958,88.38362,0,0,0,0,0,0,0.002367
1601,2|R210,153.9724,16.16472,154.8529,16.75921,0,0,0,0,0,0,0.005234
1602,2|R211,155.1366,15.57787,155.9004,16.31623,0,0,0,0,0,0,0.00564
1603,2|R212,156.3843,15.20122,157.0083,16.061,0,0,0,0,0,0,0.005365
1604,2|R213,157.6795,15.04661,158.1447,16.0017,0,0,0,0,0,0,0.004443
1605,2|R214,158.9807,15.12046,159.2731,16.14183,0,0,0,0,0,0,0.002986
1606,2|R215,160.2504,15.41881,160.361,16.47543,0,0,0,0,0,0,0.001169
1607,2|R216,161.3742,15.93219,161.4488,16.99195,0,0,0,0,0,0,0.000791
1608,2|R217,162.2816,16.6466,162.5391,17.67731,0,0,0,0,0,0,0.002654
1609,2|R218,163.0569,17.53965,163.4895,18.50999,0,0,0,0,0,0,0.004198
1610,2|R219,163.6758,18.58343,164.2703,19.4639,0,0,0,0,0,0,0.005234
1611,2|R22,187.4888,88.00616,188.1158,88.38362,0,0,0,0,0,0,0.002367
1612,2|R220,164.1198,19.74757,164.8581,20.51144,0,0,0,0,0,0,0.00564
1613,2|R221,164.375,20.99627,165.2348,21.62032,0,0,0,0,0,0,0.005366
1614,2|R222,162.0998,22.33316,162.7268,22.71062,0,0,0,0,0,0,0.002367
1615,2|R223,162.003,23.17271,162.6859,23.43557,0,0,0,0,0,0,0.001795
1616,2|R224,161.7825,23.99227,162.5007,24.13254,0,0,0,0,0,0,0.001007
1617,2|R225,161.4448,24.76597,162.1765,24.7794,0,0,0,0,0,0,9.83E-05
1618,2|R226,160.9993,25.35906,161.7221,25.4729,0,0,0,0,0,0,0.000823
1619,2|R227,160.4596,25.85246,161.1517,26.09009,0,0,0,0,0,0,0.001645
1620,2|R228,159.8434,26.24346,160.4838,26.59767,0,0,0,0,0,0,0.002268
1621,2|R229,159.1679,26.52282,159.737,26.98285,0,0,0,0,0,0,0.002618
1622,2|R23,185.8628,88.00616,186.4898,88.38362,0,0,0,0,0,0,0.002367
1623,2|R230,158.454,26.68015,158.9346,27.23201,0,0,0,0,0,0,0.002652
1624,2|R231,157.7244,26.71082,158.1018,27.33776,0,0,0,0,0,0,0.002366
1625,2|R232,156.9994,26.61498,157.2623,27.29794,0,0,0,0,0,0,0.001796
1626,2|R233,156.3035,26.39448,156.4437,27.1127,0,0,0,0,0,0,0.001007
1627,2|R234,155.6556,26.05583,155.669,26.7875,0,0,0,0,0,0,9.80E-05
1628,2|R235,154.9621,25.61125,155.0759,26.33414,0,0,0,0,0,0,0.000823
1629,2|R236,154.3459,25.0716,154.5835,25.76374,0,0,0,0,0,0,0.001645
1630,2|R237,153.8373,24.45442,154.1915,25.09477,0,0,0,0,0,0,0.002268
1631,2|R238,153.4521,23.77891,153.9122,24.34803,0,0,0,0,0,0,0.002619
1632,2|R239,153.203,23.06602,153.7548,23.54661,0,0,0,0,0,0,0.002652
1633,2|R24,184.3648,88.00616,184.9918,88.38362,0,0,0,0,0,0,0.002367
1634,2|R240A,153.137,21.61141,153.82,21.87427,0,0,0,0,0,0,0.001795
1635,2|R240B,153.0972,22.33536,153.7242,22.71282,0,0,0,0,0,0,0.002367
1636,2|R241,153.3223,20.91445,154.0405,21.05472,0,0,0,0,0,0,0.001007
1637,2|R242,153.6475,20.26658,154.3792,20.28001,0,0,0,0,0,0,9.83E-05
1638,2|R243,154.1018,19.57408,154.8247,19.68792,0,0,0,0,0,0,0.000823
1639,2|R244,154.6713,18.9569,155.3634,19.19453,0,0,0,0,0,0,0.001645
1640,2|R245,155.3402,18.4483,155.9806,18.80251,0,0,0,0,0,0,0.002268
1641,2|R246,156.087,18.06413,156.6561,18.52416,0,0,0,0,0,0,0.002618
1642,2|R247,156.8884,17.81497,157.369,18.36683,0,0,0,0,0,0,0.002652
1643,2|R248,157.7222,17.70822,158.0996,18.33516,0,0,0,0,0,0,0.002366
1644,2|R249,158.5607,17.74904,158.8236,18.432,0,0,0,0,0,0,0.001796
1645,2|R25,192.0074,89.40782,192.3848,90.03476,0,0,0,0,0,0,0.002366
1646,2|R250,159.3803,17.93428,159.5205,18.6525,0,0,0,0,0,0,0.001007
1647,2|R251,160.155,18.25847,160.1684,18.99014,0,0,0,0,0,0,9.80E-05
1648,2|R252,160.7471,18.71285,160.8609,19.43574,0,0,0,0,0,0,0.000823
1649,2|R254,161.2405,19.28324,161.4781,19.97538,0,0,0,0,0,0,0.001645
1650,2|R255,161.6325,19.95121,161.9867,20.59156,0,0,0,0,0,0,0.002268
1651,2|R256,161.9118,20.69795,162.3718,21.26707,0,0,0,0,0,0,0.002618
1652,2|R257,162.0682,21.50037,162.62,21.98096,0,0,0,0,0,0,0.002652
1653,2|R258,160.6842,22.41825,161.1423,22.62562,0,0,0,0,0,0,0.00095
1654,2|R259,160.6238,22.98083,161.111,23.1055,0,0,0,0,0,0,0.000607
1655,2|R26,190.0774,89.40782,190.4548,90.03476,0,0,0,0,0,0,0.002366
1656,2|R260,160.4818,23.53036,160.9833,23.56853,0,0,0,0,0,0,0.000191
1657,2|R261,160.2614,23.99797,160.7618,24.04746,0,0,0,0,0,0,0.000248
1658,2|R262,159.9695,24.38419,160.4538,24.51983,0,0,0,0,0,0,0.000657
1659,2|R263,159.6149,24.71346,160.0683,24.93113,0,0,0,0,0,0,0.000987
1660,2|R264,159.2092,24.97501,159.6179,25.26809,0,0,0,0,0,0,0.001198
1661,2|R265,158.7636,25.16303,159.1152,25.52262,0,0,0,0,0,0,0.001264
1662,2|R266,158.2924,25.27148,158.5761,25.68666,0,0,0,0,0,0,0.001178
1663,2|R267,157.8094,25.29519,158.0167,25.75333,0,0,0,0,0,0,0.00095
1664,2|R268,157.3295,25.23584,157.4541,25.72303,0,0,0,0,0,0,0.000607
1665,2|R269,156.8675,25.09282,156.9056,25.59426,0,0,0,0,0,0,0.000191
1666,2|R27,188.4004,89.40782,188.7778,90.03476,0,0,0,0,0,0,0.002366
1667,2|R270,156.3875,24.87238,156.437,25.37283,0,0,0,0,0,0,0.000248
1668,2|R271,155.9162,24.58152,156.0518,25.06578,0,0,0,0,0,0,0.000657
1669,2|R272,155.5049,24.22695,155.7225,24.68029,0,0,0,0,0,0,0.000986
1670,2|R273,155.1669,23.82021,155.46,24.22887,0,0,0,0,0,0,0.001198
1671,2|R274,154.9124,23.37564,155.272,23.7272,0,0,0,0,0,0,0.001264
1672,2|R275,154.7483,22.90335,155.1635,23.18712,0,0,0,0,0,0,0.001178
1673,2|R276,154.6817,22.42036,155.1398,22.62773,0,0,0,0,0,0,0.00095
1674,2|R277,154.712,21.94047,155.1992,22.06514,0,0,0,0,0,0,0.000607
1675,2|R278,154.8407,21.47846,155.3422,21.51663,0,0,0,0,0,0,0.000191
1676,2|R279,155.0621,20.99852,155.5626,21.04801,0,0,0,0,0,0,0.000248
1677,2|R28,186.9784,89.40782,187.3558,90.03476,0,0,0,0,0,0,0.002366
1678,2|R280,155.3702,20.52718,155.8545,20.66282,0,0,0,0,0,0,0.000657
1679,2|R281,155.7557,20.11585,156.209,20.33352,0,0,0,0,0,0,0.000987
1680,2|R282,156.2061,19.77789,156.6148,20.07097,0,0,0,0,0,0,0.001198
1681,2|R283,156.7088,19.52336,157.0604,19.88295,0,0,0,0,0,0,0.001264
1682,2|R284,157.2478,19.36035,157.5316,19.77553,0,0,0,0,0,0,0.001178
1683,2|R285,157.8073,19.29265,158.0146,19.75079,0,0,0,0,0,0,0.00095
1684,2|R286,158.3699,19.32398,158.4945,19.81117,0,0,0,0,0,0,0.000607
1685,2|R287,158.9184,19.45172,158.9565,19.95316,0,0,0,0,0,0,0.000191
1686,2|R288,159.387,19.67315,159.4365,20.1736,0,0,0,0,0,0,0.000248
1687,2|R289,159.7722,19.9812,159.9078,20.46546,0,0,0,0,0,0,0.000657
1688,2|R29,185.8104,89.40782,186.1878,90.03476,0,0,0,0,0,0,0.002366
1689,2|R290,160.1015,20.36672,160.3191,20.82006,0,0,0,0,0,0,0.000986
1690,2|R291,160.364,20.81711,160.6571,21.22577,0,0,0,0,0,0,0.001198
1691,2|R292,160.552,21.31979,160.9116,21.67135,0,0,0,0,0,0,0.001264
1692,2|R293,160.6595,21.85885,161.0747,22.14262,0,0,0,0,0,0,0.001178
1693,2|R294,170.2314,44.67983,170.6088,45.30677,0,0,0,0,0,0,0.002366
1694,2|R295,170.2314,46.71182,170.6088,47.33876,0,0,0,0,0,0,0.002366
1695,2|R296,170.2314,48.74382,170.6088,49.37076,0,0,0,0,0,0,0.002366
1696,2|R297,170.2314,50.77582,170.6088,51.40276,0,0,0,0,0,0,0.002366
1697,2|R298,170.2314,52.80783,170.6088,53.43477,0,0,0,0,0,0,0.002366
1698,2|R299,170.2314,54.83983,170.6088,55.46677,0,0,0,0,0,0,0.002366
1699,2|R3,187.1162,81.20826,187.5743,81.41563,0,0,0,0,0,0,0.00095
1700,2|R30,184.8954,89.40782,185.2728,90.03476,0,0,0,0,0,0,0.002366
1701,2|R300,170.2314,56.87183,170.6088,57.49877,0,0,0,0,0,0,0.002366
1702,2|R301,170.2314,58.90383,170.6088,59.53077,0,0,0,0,0,0,0.002366
1703,2|R302,170.2314,60.93582,170.6088,61.56276,0,0,0,0,0,0,0.002366
1704,2|R303,170.2314,62.96782,170.6088,63.59476,0,0,0,0,0,0,0.002366
1705,2|R304,170.2314,64.99982,170.6088,65.62676,0,0,0,0,0,0,0.002366
1706,2|R305,170.2314,67.03183,170.6088,67.65877,0,0,0,0,0,0,0.002366
1707,2|R306,168.8618,67.94116,169.4888,68.31862,0,0,0,0,0,0,0.002367
1708,2|R307,166.8298,67.94116,167.4568,68.31862,0,0,0,0,0,0,0.002367
1709,2|R308,164.7978,67.94116,165.4248,68.31862,0,0,0,0,0,0,0.002367
1710,2|R309,162.7658,67.94116,163.3928,68.31862,0,0,0,0,0,0,0.002367
1711,2|R31,184.1084,89.40782,184.4858,90.03476,0,0,0,0,0,0,0.002366
1712,2|R310,160.7338,67.94116,161.3608,68.31862,0,0,0,0,0,0,0.002367
1713,2|R311,158.7018,67.94116,159.3288,68.31862,0,0,0,0,0,0,0.002367
1714,2|R312,156.6698,67.94116,157.2968,68.31862,0,0,0,0,0,0,0.002367
1715,2|R313,154.6378,67.94116,155.2648,68.31862,0,0,0,0,0,0,0.002367
1716,2|R314,152.6058,67.94116,153.2328,68.31862,0,0,0,0,0,0,0.002367
1717,2|R315,150.5738,67.94116,151.2008,68.31862,0,0,0,0,0,0,0.002367
1718,2|R316,148.5418,67.94116,149.1688,68.31862,0,0,0,0,0,0,0.002367
1719,2|R317,146.5098,67.94116,147.1368,68.31862,0,0,0,0,0,0,0.002367
1720,2|R318,145.3394,67.03183,145.7168,67.65877,0,0,0,0,0,0,0.002366
1721,2|R319,145.3394,64.99982,145.7168,65.62676,0,0,0,0,0,0,0.002366
1722,2|R32,192.0074,92.30383,192.3848,92.93077,0,0,0,0,0,0,0.002366
1723,2|R320,145.3394,62.96782,145.7168,63.59476,0,0,0,0,0,0,0.002366
1724,2|R321,145.3394,60.93582,145.7168,61.56276,0,0,0,0,0,0,0.002366
1725,2|R322,145.3394,58.90383,145.7168,59.53077,0,0,0,0,0,0,0.002366
1726,2|R323,145.3394,56.87183,145.7168,57.49877,0,0,0,0,0,0,0.002366
1727,2|R324,145.3394,54.83983,145.7168,55.46677,0,0,0,0,0,0,0.002366
1728,2|R325,145.3394,52.80783,145.7168,53.43477,0,0,0,0,0,0,0.002366
1729,2|R326,145.3394,50.77582,145.7168,51.40276,0,0,0,0,0,0,0.002366
1730,2|R327,145.3394,48.74382,145.7168,49.37076,0,0,0,0,0,0,0.002366
1731,2|R328,145.3394,46.71182,145.7168,47.33876,0,0,0,0,0,0,0.002366
1732,2|R329,145.3394,44.67983,145.7168,45.30677,0,0,0,0,0,0,0.002366
1733,2|R33,190.0774,92.04982,190.4548,92.67676,0,0,0,0,0,0,0.002366
1734,2|R330,146.4692,43.90237,147.0962,44.27983,0,0,0,0,0,0,0.002367
1735,2|R331,148.5012,43.90237,149.1282,44.27983,0,0,0,0,0,0,0.002367
1736,2|R332,150.5332,43.90237,151.1602,44.27983,0,0,0,0,0,0,0.002367
1737,2|R333,152.5652,43.90237,153.1922,44.27983,0,0,0,0,0,0,0.002367
1738,2|R334,154.5972,43.90237,155.2242,44.27983,0,0,0,0,0,0,0.002367
1739,2|R335,156.6292,43.90237,157.2562,44.27983,0,0,0,0,0,0,0.002367
1740,2|R336,158.6612,43.90237,159.2882,44.27983,0,0,0,0,0,0,0.002367
1741,2|R337,160.6932,43.90237,161.3202,44.27983,0,0,0,0,0,0,0.002367
1742,2|R338,162.7252,43.90237,163.3522,44.27983,0,0,0,0,0,0,0.002367
1743,2|R339,164.7572,43.90237,165.3842,44.27983,0,0,0,0,0,0,0.002367
1744,2|R34,188.4004,91.79582,188.7778,92.42276,0,0,0,0,0,0,0.002366
1745,2|R340,166.7892,43.90237,167.4162,44.27983,0,0,0,0,0,0,0.002367
1746,2|R341,168.8212,43.90237,169.4482,44.27983,0,0,0,0,0,0,0.002367
1747,2|R342,159.8414,111.9662,160.0487,112.4243,0,0,0,0,0,0,0.00095
1748,2|R343,159.8414,113.0842,160.0487,113.5423,0,0,0,0,0,0,0.00095
1749,2|R344,159.8414,114.3282,160.0487,114.7863,0,0,0,0,0,0,0.00095
1750,2|R345,159.8414,115.8272,160.0487,116.2853,0,0,0,0,0,0,0.00095
1751,2|R346,159.8414,117.5792,160.0487,118.0373,0,0,0,0,0,0,0.00095
1752,2|R347,158.4436,111.4054,158.9018,111.6127,0,0,0,0,0,0,0.00095
1753,2|R348,158.4436,112.0404,158.9018,112.2477,0,0,0,0,0,0,0.00095
1754,2|R349,158.4436,112.8024,158.9018,113.0097,0,0,0,0,0,0,0.00095
1755,2|R35,186.9784,91.54183,187.3558,92.16877,0,0,0,0,0,0,0.002366
1756,2|R350,158.4436,113.8184,158.9018,114.0257,0,0,0,0,0,0,0.00095
1757,2|R351,158.4436,115.0884,158.9018,115.2957,0,0,0,0,0,0,0.00095
1758,2|R352,158.4436,116.6124,158.9018,116.8197,0,0,0,0,0,0,0.00095
1759,2|R353,158.4436,118.3904,158.9018,118.5977,0,0,0,0,0,0,0.00095
1760,2|R354,157.3257,111.4054,157.7838,111.6127,0,0,0,0,0,0,0.00095
1761,2|R355,157.1987,112.0404,157.6568,112.2477,0,0,0,0,0,0,0.00095
1762,2|R356,156.9447,112.8024,157.4028,113.0097,0,0,0,0,0,0,0.00095
1763,2|R357,156.6906,113.8184,157.1488,114.0257,0,0,0,0,0,0,0.00095
1764,2|R358,156.4367,115.0884,156.8948,115.2957,0,0,0,0,0,0,0.00095
1765,2|R359,156.1826,116.6124,156.6408,116.8197,0,0,0,0,0,0,0.00095
1766,2|R36,185.8104,91.28783,186.1878,91.91477,0,0,0,0,0,0,0.002366
1767,2|R360,155.9287,118.3904,156.3868,118.5977,0,0,0,0,0,0,0.00095
1768,2|R361,115.521,3.85994,116.8289,7.15994,0,0,0,0,0,0,0.043161
1769,2|R362,113.032,3.60595,114.34,6.90595,0,0,0,0,0,0,0.043164
1770,2|R363,110.035,3.35195,111.343,6.65195,0,0,0,0,0,0,0.043164
1771,2|R364,106.529,3.09795,107.837,6.39795,0,0,0,0,0,0,0.043164
1772,2|R365,115.521,8.63497,116.8289,11.93497,0,0,0,0,0,0,0.043161
1773,2|R366,113.032,8.63497,114.34,11.93497,0,0,0,0,0,0,0.043164
1774,2|R367,110.035,8.63497,111.343,11.93497,0,0,0,0,0,0,0.043164
1775,2|R368,106.529,8.63497,107.837,11.93497,0,0,0,0,0,0,0.043164
1776,2|R369,115.05,13.77204,118.35,15.07996,0,0,0,0,0,0,0.043161
1777,2|R37,184.8954,91.03382,185.2728,91.66076,0,0,0,0,0,0,0.002366
1778,2|R370,110.275,13.77204,113.575,15.07996,0,0,0,0,0,0,0.043161
1779,2|R371,104.9919,13.77204,108.2919,15.07996,0,0,0,0,0,0,0.043161
1780,2|R372,115.7251,19.44132,116.6251,21.35465,0,0,0,0,0,0,0.01722
1781,2|R373,113.6421,19.18732,114.5421,21.10065,0,0,0,0,0,0,0.01722
1782,2|R374,111.0512,18.93333,111.9512,20.84666,0,0,0,0,0,0,0.01722
1783,2|R375,107.9531,18.67932,108.8531,20.59265,0,0,0,0,0,0,0.01722
1784,2|R376,115.7251,22.89634,116.6251,24.80967,0,0,0,0,0,0,0.01722
1785,2|R377,113.6421,22.89634,114.5421,24.80967,0,0,0,0,0,0,0.01722
1786,2|R378,111.0512,22.89634,111.9512,24.80967,0,0,0,0,0,0,0.01722
1787,2|R379,107.9531,22.89634,108.8531,24.80967,0,0,0,0,0,0,0.01722
1788,2|R38,184.1084,90.90683,184.4858,91.53377,0,0,0,0,0,0,0.002366
1789,2|R380,115.0363,26.67583,116.9497,27.57583,0,0,0,0,0,0,0.017221
1790,2|R381,111.5823,26.67583,113.4957,27.57583,0,0,0,0,0,0,0.017221
1791,2|R382,107.6193,26.67583,109.5327,27.57583,0,0,0,0,0,0,0.017221
1792,2|R383,81.39447,5.291602,81.85974,6.246687,0,0,0,0,0,0,0.004444
1793,2|R384,81.39447,7.577613,81.85974,8.532698,0,0,0,0,0,0,0.004444
1794,2|R385,81.39447,9.863622,81.85974,10.81871,0,0,0,0,0,0,0.004444
1795,2|R386,81.39447,12.1496,81.85974,13.10469,0,0,0,0,0,0,0.004444
1796,2|R387,81.39447,14.43561,81.85974,15.3907,0,0,0,0,0,0,0.004444
1797,2|R388,81.39447,16.72163,81.85974,17.67672,0,0,0,0,0,0,0.004444
1798,2|R389,81.39447,19.00761,81.85974,19.9627,0,0,0,0,0,0,0.004444
1799,2|R39,192.6563,95.78646,193.6114,96.25173,0,0,0,0,0,0,0.004444
1800,2|R390,81.39447,21.29362,81.85974,22.24871,0,0,0,0,0,0,0.004444
1801,2|R391,84.10637,31.76984,84.48383,32.39678,0,0,0,0,0,0,0.002366
1802,2|R392,84.10637,34.05582,84.48383,34.68276,0,0,0,0,0,0,0.002366
1803,2|R393,84.10637,36.34183,84.48383,36.96877,0,0,0,0,0,0,0.002366
1804,2|R394,84.10637,38.62784,84.48383,39.25478,0,0,0,0,0,0,0.002366
1805,2|R395,84.10637,40.91382,84.48383,41.54076,0,0,0,0,0,0,0.002366
1806,2|R396,84.10637,43.19983,84.48383,43.82677,0,0,0,0,0,0,0.002366
1807,2|R397,84.10637,45.48583,84.48383,46.11277,0,0,0,0,0,0,0.002366
1808,2|R4,185.8712,81.20826,186.3293,81.41563,0,0,0,0,0,0,0.00095
1809,2|R40,190.1673,95.78646,191.1224,96.25173,0,0,0,0,0,0,0.004444
1810,2|R41,187.9323,95.78646,188.8874,96.25173,0,0,0,0,0,0,0.004444
1811,2|R42,185.9503,95.78646,186.9054,96.25173,0,0,0,0,0,0,0.004444
1812,2|R43,184.0963,95.78646,185.0514,96.25173,0,0,0,0,0,0,0.004444
1813,2|R44,193.1813,97.3443,193.6465,98.29939,0,0,0,0,0,0,0.004443
1814,2|R45,191.0483,97.3443,191.5135,98.29939,0,0,0,0,0,0,0.004443
1815,2|R46,189.1683,97.3443,189.6335,98.29939,0,0,0,0,0,0,0.004443
1816,2|R47,187.5433,97.3443,188.0085,98.29939,0,0,0,0,0,0,0.004443
1817,2|R48,186.1712,97.3443,186.6365,98.29939,0,0,0,0,0,0,0.004444
1818,2|R49,185.0532,97.3443,185.5185,98.29939,0,0,0,0,0,0,0.004444
1819,2|R5,184.7542,81.20826,185.2123,81.41563,0,0,0,0,0,0,0.00095
1820,2|R50,184.0633,97.3443,184.5285,98.29939,0,0,0,0,0,0,0.004443
1821,2|R51,193.1813,100.5953,193.6465,101.5504,0,0,0,0,0,0,0.004443
1822,2|R52,191.0483,100.3413,191.5135,101.2964,0,0,0,0,0,0,0.004443
1823,2|R53,189.1683,100.0873,189.6335,101.0424,0,0,0,0,0,0,0.004443
1824,2|R54,187.5433,99.83328,188.0085,100.7884,0,0,0,0,0,0,0.004443
1825,2|R55,186.1712,99.57928,186.6365,100.5344,0,0,0,0,0,0,0.004444
1826,2|R56,185.0532,99.32528,185.5185,100.2804,0,0,0,0,0,0,0.004444
1827,2|R57,184.0633,99.19828,184.5285,100.1534,0,0,0,0,0,0,0.004443
1828,2|R58,194.6592,104.4118,196.1922,105.2462,0,0,0,0,0,0,0.012791
1829,2|R59,191.5602,104.4118,193.0932,105.2462,0,0,0,0,0,0,0.012791
1830,2|R6,191.1784,82.35518,191.3857,82.81332,0,0,0,0,0,0,0.00095
1831,2|R60,188.7152,104.4118,190.2482,105.2462,0,0,0,0,0,0,0.012791
1832,2|R61,186.1252,104.4118,187.6582,105.2462,0,0,0,0,0,0,0.012791
1833,2|R62,183.6612,104.4118,185.1942,105.2462,0,0,0,0,0,0,0.012791
1834,2|R63,195.1348,106.3572,195.9692,107.8902,0,0,0,0,0,0,0.012791
1835,2|R64,192.6458,106.3572,193.4802,107.8902,0,0,0,0,0,0,0.012791
1836,2|R65,190.4108,106.3572,191.2452,107.8902,0,0,0,0,0,0,0.012791
1837,2|R66,188.4288,106.3572,189.2632,107.8902,0,0,0,0,0,0,0.012791
1838,2|R67,186.7018,106.3572,187.5362,107.8902,0,0,0,0,0,0,0.012791
1839,2|R68,185.2288,106.3572,186.0632,107.8902,0,0,0,0,0,0,0.012791
1840,2|R69,183.8828,106.3572,184.7172,107.8902,0,0,0,0,0,0,0.012791
1841,2|R7,189.4004,82.35518,189.6077,82.81332,0,0,0,0,0,0,0.00095
1842,2|R70,195.1348,110.2182,195.9692,111.7512,0,0,0,0,0,0,0.012791
1843,2|R71,192.6458,109.9642,193.4802,111.4972,0,0,0,0,0,0,0.012791
1844,2|R72,190.4108,109.7102,191.2452,111.2432,0,0,0,0,0,0,0.012791
1845,2|R73,188.4288,109.4562,189.2632,110.9892,0,0,0,0,0,0,0.012791
1846,2|R74,186.7018,109.2022,187.5362,110.7352,0,0,0,0,0,0,0.012791
1847,2|R75,185.2288,108.9482,186.0632,110.4812,0,0,0,0,0,0,0.012791
1848,2|R76,183.8828,108.8212,184.7172,110.3542,0,0,0,0,0,0,0.012791
1849,2|R77,197.2738,114.627,199.3559,115.9248,0,0,0,0,0,0,0.027021
1850,2|R78,193.4138,114.627,195.4959,115.9248,0,0,0,0,0,0,0.027021
1851,2|R79,189.8068,114.627,191.8889,115.9248,0,0,0,0,0,0,0.027021
1852,2|R8,187.8764,82.35518,188.0837,82.81332,0,0,0,0,0,0,0.00095
1853,2|R80,186.4538,114.627,188.5359,115.9248,0,0,0,0,0,0,0.027021
1854,2|R81,183.2278,114.627,185.3099,115.9248,0,0,0,0,0,0,0.027021
1855,2|R82,197.6382,117.1258,198.936,119.2079,0,0,0,0,0,0,0.027021
1856,2|R83,194.6922,117.1258,195.99,119.2079,0,0,0,0,0,0,0.027021
1857,2|R84,191.9992,117.1258,193.297,119.2079,0,0,0,0,0,0,0.027021
1858,2|R85,189.5612,117.1258,190.859,119.2079,0,0,0,0,0,0,0.027021
1859,2|R86,187.3772,117.1258,188.675,119.2079,0,0,0,0,0,0,0.027021
1860,2|R87,185.4462,117.1258,186.744,119.2079,0,0,0,0,0,0,0.027021
1861,2|R88,183.6432,117.1258,184.941,119.2079,0,0,0,0,0,0,0.027021
1862,2|R89,197.6382,121.7488,198.936,123.8309,0,0,0,0,0,0,0.027021
1863,2|R9,186.6064,82.35518,186.8137,82.81332,0,0,0,0,0,0,0.00095
1864,2|R90,194.6922,121.4948,195.99,123.5769,0,0,0,0,0,0,0.027021
1865,2|R91,191.9992,121.2408,193.297,123.3229,0,0,0,0,0,0,0.027021
1866,2|R92,189.5612,120.9868,190.859,123.0689,0,0,0,0,0,0,0.027021
1867,2|R93,187.3772,120.7328,188.675,122.8149,0,0,0,0,0,0,0.027021
1868,2|R94,185.4462,120.4788,186.744,122.5609,0,0,0,0,0,0,0.027021
1869,2|R95,183.6432,120.3518,184.941,122.4339,0,0,0,0,0,0,0.027021
1870,2|R96,197.5811,126.8649,200.6811,128.3691,0,0,0,0,0,0,0.04663
1871,2|R97,192.7551,126.8649,195.8551,128.3691,0,0,0,0,0,0,0.04663
1872,2|R98,188.1831,126.8649,191.2831,128.3691,0,0,0,0,0,0,0.04663
1873,2|R99,183.7381,126.8649,186.8381,128.3691,0,0,0,0,0,0,0.04663
1874,2|RN1,65.09334,106.712,66.66466,109.954,0,0,0,0,0,0,0.050942
1875,2|RN10,59.381,115.0663,62.623,116.6377,0,0,0,0,0,0,0.050945
1876,2|RN11,55.368,115.0663,58.61,116.6377,0,0,0,0,0,0,0.050945
1877,2|RN2,61.96934,106.458,63.54066,109.7,0,0,0,0,0,0,0.050942
1878,2|RN3,58.71834,106.204,60.28966,109.446,0,0,0,0,0,0,0.050942
1879,2|RN4,55.21234,105.95,56.78366,109.192,0,0,0,0,0,0,0.050942
1880,2|RN5,65.09334,110.598,66.66466,113.84,0,0,0,0,0,0,0.050942
1881,2|RN6,61.96934,110.598,63.54066,113.84,0,0,0,0,0,0,0.050942
1882,2|RN7,58.71834,110.598,60.28966,113.84,0,0,0,0,0,0,0.050942
1883,2|RN8,55.21234,110.598,56.78366,113.84,0,0,0,0,0,0,0.050942
1884,2|RN9,63.267,115.0663,66.509,116.6377,0,0,0,0,0,0,0.050945
1885,2|U1,94.3755,88.40224,96.03064,89.80224,0,0,0,0,0,0,0.023172
1886,2|U10,94.03784,98.722,96.21815,100.73,0,0,0,0,0,0,0.043781
1887,2|U11,90.58384,98.722,92.76414,100.73,0,0,0,0,0,0,0.04378
1888,2|U12,86.62084,98.722,88.80115,100.73,0,0,0,0,0,0,0.043781
1889,2|U13,94.03784,101.414,96.21815,103.422,0,0,0,0,0,0,0.043781
1890,2|U14,91.01285,101.814,93.19315,103.822,0,0,0,0,0,0,0.04378
1891,2|U15,86.62084,101.414,88.80115,103.422,0,0,0,0,0,0,0.043781
1892,2|U16,94.03784,104.615,96.21815,106.623,0,0,0,0,0,0,0.043781
1893,2|U17,90.58384,104.615,92.76414,106.623,0,0,0,0,0,0,0.04378
1894,2|U18,86.62084,104.615,88.80115,106.623,0,0,0,0,0,0,0.043781
1895,2|U19,93.70834,110.688,96.49766,113.452,0,0,0,0,0,0,0.077097
1896,2|U2,91.73351,88.40224,93.38865,89.80224,0,0,0,0,0,0,0.023172
1897,2|U20,89.79634,110.688,92.58566,113.452,0,0,0,0,0,0,0.077097
1898,2|U21,85.37733,110.688,88.16665,113.452,0,0,0,0,0,0,0.077097
1899,2|U22,93.70834,114.193,96.49766,116.957,0,0,0,0,0,0,0.077097
1900,2|U23,90.27634,114.593,93.06566,117.357,0,0,0,0,0,0,0.077097
1901,2|U24,85.37733,114.193,88.16665,116.957,0,0,0,0,0,0,0.077097
1902,2|U25,93.70834,118.207,96.49766,120.971,0,0,0,0,0,0,0.077097
1903,2|U26,89.79634,118.207,92.58566,120.971,0,0,0,0,0,0,0.077097
1904,2|U27,85.37733,118.207,88.16665,120.971,0,0,0,0,0,0,0.077097
1905,2|U28,81.67801,87.4275,84.31996,90.1745,0,0,0,0,0,0,0.072574
1906,2|U29,77.76602,87.4275,80.40798,90.1745,0,0,0,0,0,0,0.072575
1907,2|U3,88.58451,88.40224,90.23965,89.80224,0,0,0,0,0,0,0.023172
1908,2|U30,73.34602,87.4275,75.98797,90.1745,0,0,0,0,0,0,0.072574
1909,2|U31,81.67801,90.93249,84.31996,93.67949,0,0,0,0,0,0,0.072574
1910,2|U32,77.76602,90.93249,80.40798,93.67949,0,0,0,0,0,0,0.072575
1911,2|U33,73.34602,90.93249,75.98797,93.67949,0,0,0,0,0,0,0.072574
1912,2|U34,81.67801,94.94549,84.31996,97.69249,0,0,0,0,0,0,0.072574
1913,2|U35,77.76602,94.94549,80.40798,97.69249,0,0,0,0,0,0,0.072575
1914,2|U36,73.34602,94.94549,75.98797,97.69249,0,0,0,0,0,0,0.072574
1915,2|U37,81.05317,101.77,83.11682,103.72,0,0,0,0,0,0,0.040241
1916,2|U38,77.59818,101.77,79.66183,103.72,0,0,0,0,0,0,0.040241
1917,2|U39,73.63618,101.77,75.69983,103.72,0,0,0,0,0,0,0.040241
1918,2|U4,94.3755,90.61223,96.03064,92.01223,0,0,0,0,0,0,0.023172
1919,2|U40,81.05218,104.463,83.11583,106.413,0,0,0,0,0,0,0.040241
1920,2|U41,77.59717,104.462,79.66082,106.412,0,0,0,0,0,0,0.040241
1921,2|U42,73.63618,104.463,75.69983,106.413,0,0,0,0,0,0,0.040241
1922,2|U43,81.05218,107.663,83.11583,109.613,0,0,0,0,0,0,0.040241
1923,2|U44,77.59818,107.663,79.66183,109.613,0,0,0,0,0,0,0.040241
1924,2|U45,73.63618,107.663,75.69983,109.613,0,0,0,0,0,0,0.040241
1925,2|U46,79.593,113.6915,81.273,115.1665,0,0,0,0,0,0,0.02478
1926,2|U47,76.95199,113.6915,78.63199,115.1665,0,0,0,0,0,0,0.02478
1927,2|U48,73.802,113.6915,75.482,115.1665,0,0,0,0,0,0,0.02478
1928,2|U49,79.593,115.9015,81.273,117.3765,0,0,0,0,0,0,0.02478
1929,2|U5,92.01334,90.87176,93.66848,92.27176,0,0,0,0,0,0,0.023172
1930,2|U50,76.95199,115.9015,78.63199,117.3765,0,0,0,0,0,0,0.02478
1931,2|U51,73.802,115.9015,75.482,117.3765,0,0,0,0,0,0,0.02478
1932,2|U52,79.593,118.6195,81.273,120.0945,0,0,0,0,0,0,0.02478
1933,2|U53,76.95199,118.6195,78.63199,120.0945,0,0,0,0,0,0,0.02478
1934,2|U54,73.802,118.6195,75.482,120.0945,0,0,0,0,0,0,0.02478
1935,2|U6,88.58451,90.61223,90.23965,92.01223,0,0,0,0,0,0,0.023172
1936,2|U7,94.3755,93.33024,96.03064,94.73024,0,0,0,0,0,0,0.023172
1937,2|U8,91.73351,93.33024,93.38865,94.73024,0,0,0,0,0,0,0.023172
1938,2|U9,88.58451,93.33024,90.23965,94.73024,0,0,0,0,0,0,0.023172
1939,2|X1,180.3138,29.39385,186.5652,75.2256,0,0,0,0,0,0,2.865126
1940,2|X2,42.09798,98.3555,47.92168,144.2436,0,0,0,0,0,0,2.672385
1941,2|X3,12.12062,13.42059,22.85011,18.58537,0,0,0,0,0,0,0.554155
1942,2|X4,14.82589,17.5126,25.55538,22.67738,0,0,0,0,0,0,0.554155
1943,2|X5,19.40661,25.77161,24.57139,36.5011,0,0,0,0,0,0,0.554155
1944,2|X6,14.04461,28.47688,19.20939,39.20637,0,0,0,0,0,0,0.554155
1945,2|X7,75.59031,136.7154,99.90713,144.4506,0,0,0,0,0,0,1.880955
1946,2|XTAL1,171.6755,81.73428,177.6005,85.19972,0,0,0,0,0,0,0.205327
1947,2|XTAL2,173.0873,88.99148,176.5527,94.91648,0,0,0,0,0,0,0.205325
1948,2|XTAL3,163.258,73.40086,167.632,86.11514,0,0,0,0,0,0,0.556123
1949,2|XTAL4,157.359,73.40086,161.733,86.11514,0,0,0,0,0,0,0.556123
